label	exit	wall_s	user_s	sys_s	max_rss_kib	cgroup_peak_bytes	load1_at_start	core	sibling_busy_pct	spill_peak_bytes	waited_s
csq_1	0	18.07	16.80	0.72	811152	876417024	2.31	6	0	0	60
duckvep_F_1	0	8.23	6.58	1.64	4025408	4108046336	2.18	6	0	0	0
duckvep_I_1	0	8.24	6.58	1.66	4025340	4107825152	2.08	6	0	0	0
csq_2	0	17.25	16.57	0.67	811148	830926848	2.08	6	0	0	0
duckvep_F_2	0	8.21	6.53	1.67	4025328	4107800576	1.92	6	0	0	0
duckvep_I_2	0	8.20	6.56	1.63	4025344	4108034048	1.85	6	0	0	0
csq_3	0	17.08	16.43	0.65	811312	830672896	1.72	6	0	0	0
duckvep_F_3	0	8.15	6.48	1.66	4025344	4107874304	1.56	6	0	0	0
duckvep_I_3	0	8.16	6.55	1.60	4025344	4107853824	1.47	6	0	0	0
duckvep_R_F_1	0	8.59	6.94	1.65	4106964	4172103680	1.44	6	0	0	0
duckvep_R_F_2	0	8.60	6.94	1.66	4106968	4172062720	1.37	6	0	0	0
duckvep_R_F_3	0	8.64	7.01	1.62	4106972	4172140544	1.31	6	0	0	0
