"sv_type","state","strand","events"
"BND","after_exon_end/N[M[",-1,5
"BND","after_exon_end/N[M[",1,14
"BND","after_exon_end/N]M]",-1,13
"BND","after_exon_end/N]M]",1,10
"BND","after_exon_end/[M[N",-1,8
"BND","after_exon_end/[M[N",1,6
"BND","after_exon_end/]M]N",-1,7
"BND","after_exon_end/]M]N",1,8
"BND","before_exon_start/N[M[",-1,9
"BND","before_exon_start/N[M[",1,5
"BND","before_exon_start/N]M]",-1,10
"BND","before_exon_start/N]M]",1,7
"BND","before_exon_start/[M[N",-1,11
"BND","before_exon_start/[M[N",1,8
"BND","before_exon_start/]M]N",-1,9
"BND","before_exon_start/]M]N",1,9
"BND","cds_end/N[M[",-1,3
"BND","cds_end/N[M[",1,3
"BND","cds_end/N]M]",-1,3
"BND","cds_end/N]M]",1,6
"BND","cds_end/[M[N",-1,6
"BND","cds_end/[M[N",1,3
"BND","cds_end/]M]N",-1,5
"BND","cds_end/]M]N",1,3
"BND","cds_start/N[M[",-1,3
"BND","cds_start/N[M[",1,3
"BND","cds_start/N]M]",-1,3
"BND","cds_start/N]M]",1,5
"BND","cds_start/[M[N",-1,3
"BND","cds_start/[M[N",1,3
"BND","cds_start/]M]N",-1,3
"BND","cds_start/]M]N",1,3
"BND","downstream_flank/N[M[",-1,3
"BND","downstream_flank/N[M[",1,3
"BND","downstream_flank/N]M]",-1,3
"BND","downstream_flank/N]M]",1,4
"BND","downstream_flank/[M[N",-1,4
"BND","downstream_flank/[M[N",1,6
"BND","downstream_flank/]M]N",-1,3
"BND","downstream_flank/]M]N",1,4
"BND","exon_end/N[M[",-1,8
"BND","exon_end/N[M[",1,9
"BND","exon_end/N]M]",-1,9
"BND","exon_end/N]M]",1,11
"BND","exon_end/[M[N",-1,14
"BND","exon_end/[M[N",1,9
"BND","exon_end/]M]N",-1,12
"BND","exon_end/]M]N",1,11
"BND","exon_mid/N[M[",-1,9
"BND","exon_mid/N[M[",1,9
"BND","exon_mid/N]M]",-1,8
"BND","exon_mid/N]M]",1,8
"BND","exon_mid/[M[N",-1,8
"BND","exon_mid/[M[N",1,7
"BND","exon_mid/]M]N",-1,7
"BND","exon_mid/]M]N",1,9
"BND","exon_start/N[M[",-1,17
"BND","exon_start/N[M[",1,8
"BND","exon_start/N]M]",-1,7
"BND","exon_start/N]M]",1,4
"BND","exon_start/[M[N",-1,7
"BND","exon_start/[M[N",1,9
"BND","exon_start/]M]N",-1,6
"BND","exon_start/]M]N",1,9
"BND","transcript_end/N[M[",-1,3
"BND","transcript_end/N[M[",1,5
"BND","transcript_end/N]M]",-1,5
"BND","transcript_end/N]M]",1,3
"BND","transcript_end/[M[N",-1,3
"BND","transcript_end/[M[N",1,7
"BND","transcript_end/]M]N",-1,4
"BND","transcript_end/]M]N",1,4
"BND","transcript_mid/N[M[",-1,5
"BND","transcript_mid/N[M[",1,5
"BND","transcript_mid/N]M]",-1,6
"BND","transcript_mid/N]M]",1,4
"BND","transcript_mid/[M[N",-1,3
"BND","transcript_mid/[M[N",1,3
"BND","transcript_mid/]M]N",-1,4
"BND","transcript_mid/]M]N",1,5
"BND","transcript_start/N[M[",-1,4
"BND","transcript_start/N[M[",1,3
"BND","transcript_start/N]M]",-1,3
"BND","transcript_start/N]M]",1,3
"BND","transcript_start/[M[N",-1,3
"BND","transcript_start/[M[N",1,3
"BND","transcript_start/]M]N",-1,5
"BND","transcript_start/]M]N",1,4
"BND","upstream_flank/N[M[",-1,5
"BND","upstream_flank/N[M[",1,3
"BND","upstream_flank/N]M]",-1,5
"BND","upstream_flank/N]M]",1,4
"BND","upstream_flank/[M[N",-1,5
"BND","upstream_flank/[M[N",1,5
"BND","upstream_flank/]M]N",-1,5
"BND","upstream_flank/]M]N",1,5
"DEL","cds_end_cross",-1,10
"DEL","cds_end_cross",1,10
"DEL","cds_start_cross",-1,10
"DEL","cds_start_cross",1,10
"DEL","exon_end_cross",-1,10
"DEL","exon_end_cross",1,10
"DEL","exon_exact",-1,10
"DEL","exon_exact",1,10
"DEL","exon_interior",-1,10
"DEL","exon_interior",1,10
"DEL","exon_start_cross",-1,10
"DEL","exon_start_cross",1,10
"DEL","flank_left",-1,10
"DEL","flank_left",1,10
"DEL","flank_right",-1,10
"DEL","flank_right",1,10
"DEL","intron_interior",-1,10
"DEL","intron_interior",1,10
"DEL","multi_exon",-1,10
"DEL","multi_exon",1,10
"DEL","transcript_exact",-1,10
"DEL","transcript_exact",1,9
"DEL","transcript_left_cross",-1,10
"DEL","transcript_left_cross",1,10
"DEL","transcript_right_cross",-1,10
"DEL","transcript_right_cross",1,10
"DUP","cds_end_cross",-1,10
"DUP","cds_end_cross",1,10
"DUP","cds_start_cross",-1,10
"DUP","cds_start_cross",1,10
"DUP","exon_end_cross",-1,10
"DUP","exon_end_cross",1,10
"DUP","exon_exact",-1,10
"DUP","exon_exact",1,10
"DUP","exon_interior",-1,10
"DUP","exon_interior",1,10
"DUP","exon_start_cross",-1,10
"DUP","exon_start_cross",1,10
"DUP","flank_left",-1,10
"DUP","flank_left",1,10
"DUP","flank_right",-1,10
"DUP","flank_right",1,10
"DUP","intron_interior",-1,10
"DUP","intron_interior",1,10
"DUP","multi_exon",-1,10
"DUP","multi_exon",1,10
"DUP","transcript_exact",-1,10
"DUP","transcript_exact",1,10
"DUP","transcript_left_cross",-1,10
"DUP","transcript_left_cross",1,10
"DUP","transcript_right_cross",-1,10
"DUP","transcript_right_cross",1,10
"INS","ins_before_exon",-1,10
"INS","ins_before_exon",1,10
"INS","ins_cds_end",-1,10
"INS","ins_cds_end",1,10
"INS","ins_cds_start",-1,10
"INS","ins_cds_start",1,10
"INS","ins_exon_end",-1,10
"INS","ins_exon_end",1,10
"INS","ins_exon_interior",-1,10
"INS","ins_exon_interior",1,10
"INS","ins_intron",-1,10
"INS","ins_intron",1,10
"INV","cds_end_cross",-1,10
"INV","cds_end_cross",1,10
"INV","cds_start_cross",-1,10
"INV","cds_start_cross",1,10
"INV","exon_end_cross",-1,10
"INV","exon_end_cross",1,10
"INV","exon_exact",-1,10
"INV","exon_exact",1,10
"INV","exon_interior",-1,10
"INV","exon_interior",1,10
"INV","exon_start_cross",-1,10
"INV","exon_start_cross",1,10
"INV","flank_left",-1,10
"INV","flank_left",1,10
"INV","flank_right",-1,10
"INV","flank_right",1,10
"INV","intron_interior",-1,10
"INV","intron_interior",1,10
"INV","multi_exon",-1,10
"INV","multi_exon",1,10
"INV","transcript_exact",-1,10
"INV","transcript_exact",1,9
"INV","transcript_left_cross",-1,10
"INV","transcript_left_cross",1,10
"INV","transcript_right_cross",-1,10
"INV","transcript_right_cross",1,10
"TDUP","cds_end_cross",-1,10
"TDUP","cds_end_cross",1,10
"TDUP","cds_start_cross",-1,10
"TDUP","cds_start_cross",1,10
"TDUP","exon_end_cross",-1,10
"TDUP","exon_end_cross",1,10
"TDUP","exon_exact",-1,10
"TDUP","exon_exact",1,10
"TDUP","exon_interior",-1,10
"TDUP","exon_interior",1,10
"TDUP","exon_start_cross",-1,10
"TDUP","exon_start_cross",1,10
"TDUP","flank_left",-1,10
"TDUP","flank_left",1,10
"TDUP","flank_right",-1,10
"TDUP","flank_right",1,10
"TDUP","intron_interior",-1,10
"TDUP","intron_interior",1,10
"TDUP","multi_exon",-1,10
"TDUP","multi_exon",1,10
"TDUP","transcript_exact",-1,10
"TDUP","transcript_exact",1,10
"TDUP","transcript_left_cross",-1,10
"TDUP","transcript_left_cross",1,10
"TDUP","transcript_right_cross",-1,10
"TDUP","transcript_right_cross",1,10
