"item","value"
"species","drosophila_melanogaster"
"assembly","BDGP6.54"
"cache_version","116"
"seed","11654"
"per_stratum","10"
"model_sha256","d84f53924eac8fab69fc8601d38ff650ff5d8bd3d6901e5510742806361114de"
"extension_sha256","bbc690cc3fac46f1651a8c6854030fe8bf9e938572eb6288a153dca6970cedf3"
"sv_vcf_sha256","3313381176e927572b42241e62066167280d5cf99bf062a182c9372992cf57f0"
"bnd_vcf_sha256","3cb108cba8fa88720d76595b6942d5223fca1bcd1204cb1a82002a701c313370"
"sv_oracle_json_sha256","0c5f143b59012c18e5e33a171c347f5405267cd90f3607f53da55d3dd568d948"
"bnd_oracle_json_sha256","798c0d78ec834c55cd08e90bff2c17f5b5c45bd15ba57c3cf0b8eb72e2102954"
"hgvs_literal_vcf_sha256","37e7f6b6b7105c60dd09ac84ad29b15f4e35a1f0a393897216d0116c2480dc70"
"hgvs_shift0_oracle_sha256","b8cc11070f7b86295aadf137d71555fb806785d15e1b254e2f82796c0c6a3ce8"
"hgvs_shift1_oracle_sha256","caa6788e8dea30325229564c81c15934ae06268d407f51017013c0c6055c8575"
"sv_records","1158"
"bnd_records","576"
"hgvs_events","400"
"hgvs_ambiguous_reference_events","0"
