"file","sha256"
"allele_coverage.csv","a8a0d60003113c9f1d16d4d47c1af7c1db188cf9f71f51da354b93624ee60588"
"build.log","195b207df97eea75f49c9ee2f7c107193a88780bfed39f7d257951517d07e854"
"duckvep_native_tab17_1_1.coverage.csv","9a5ab52361b91459b23cb80605fdceef38dc5863436ed57a527a2a7085caa394"
"duckvep_native_tab17_1_1.coverage.failures.parquet","a0fd58813f421ab100a0c5c1ddce69c65ff8e817fe24cc77e759a86219f302a1"
"duckvep_native_tab17_1_1.csv","2abd88e4eb0c455b4fe313a4fda5d9810d5f792d4090f3bc83017d8aa1632b40"
"duckvep_native_tab17_1_1.log","e3b0c44298fc1c149afbf4c8996fb92427ae41e4649b934ca495991b7852b855"
"duckvep_native_tab17_1_1.time","77fcdf26c55870bea1108e2ec4d52379233afc53eb771be2aa0a489ff07984ce"
"duckvep_native_tab17_1_2.coverage.csv","6e18b6e41cef729bc52dccad2697fef3299e318e861278dd462a6c25222376ff"
"duckvep_native_tab17_1_2.coverage.failures.parquet","a0fd58813f421ab100a0c5c1ddce69c65ff8e817fe24cc77e759a86219f302a1"
"duckvep_native_tab17_1_2.csv","dccb6196a409388ab9f5b25d44c5e190fa86e413cd0a6e7fdb5e0bd7b486ab92"
"duckvep_native_tab17_1_2.log","e3b0c44298fc1c149afbf4c8996fb92427ae41e4649b934ca495991b7852b855"
"duckvep_native_tab17_1_2.time","9bea02767ce0802b014dd077f34535eea6fb8101886515f8c763fbd0f4b521cc"
"duckvep_native_tab17_1_3.coverage.csv","8c048b54f075136e402ff367bde5f08c4633d23804669c146e73cf497508c564"
"duckvep_native_tab17_1_3.coverage.failures.parquet","a0fd58813f421ab100a0c5c1ddce69c65ff8e817fe24cc77e759a86219f302a1"
"duckvep_native_tab17_1_3.csv","4e5d1e2a306c685e78f613d0162ccbc0767b01ce7c58f3172d7283fdb2d9e3b0"
"duckvep_native_tab17_1_3.log","e3b0c44298fc1c149afbf4c8996fb92427ae41e4649b934ca495991b7852b855"
"duckvep_native_tab17_1_3.time","c98f2e64c243706182ab67bc01920fab2227fc601b25b8f5f7f3a0bc3d2a6eaa"
"duckvep_native_tab17_4_1.coverage.csv","d94f7d93417217127c7fe3a5596fc14bbf249b2d27f94a706a546deff3558abb"
"duckvep_native_tab17_4_1.coverage.failures.parquet","a0fd58813f421ab100a0c5c1ddce69c65ff8e817fe24cc77e759a86219f302a1"
"duckvep_native_tab17_4_1.csv","7a42ebd913e608b520e4387565c7d89690853032ca7cd04b27e99f11fc2eb276"
"duckvep_native_tab17_4_1.log","e3b0c44298fc1c149afbf4c8996fb92427ae41e4649b934ca495991b7852b855"
"duckvep_native_tab17_4_1.time","246ad2753d0b4c920d8e1fbe22214a21dda5099b7cf82e8fbd215f8b74caf73e"
"duckvep_native_tab17_4_2.coverage.csv","40587db8a083cca72bdee4a1c8c5168cb2a25ea49a5dbca8835447c1ca53b75f"
"duckvep_native_tab17_4_2.coverage.failures.parquet","a0fd58813f421ab100a0c5c1ddce69c65ff8e817fe24cc77e759a86219f302a1"
"duckvep_native_tab17_4_2.csv","32893d3f8c42c05bc522e32269e51088e5870832aba972c779334b37df774534"
"duckvep_native_tab17_4_2.log","e3b0c44298fc1c149afbf4c8996fb92427ae41e4649b934ca495991b7852b855"
"duckvep_native_tab17_4_2.time","c05aaf9a5f73f47e2946674581e8d40030c44527af67bac60346cf2fa39978e1"
"duckvep_native_tab17_4_3.coverage.csv","5ecc36a5eb046855e183540a305b2582c85b5f87c5375ace98f221701ded0411"
"duckvep_native_tab17_4_3.coverage.failures.parquet","a0fd58813f421ab100a0c5c1ddce69c65ff8e817fe24cc77e759a86219f302a1"
"duckvep_native_tab17_4_3.csv","25e289ae829d10ac07d61d8aa61fd5d029a9d5f676ec0f06a18c2d2b7a0431cc"
"duckvep_native_tab17_4_3.log","e3b0c44298fc1c149afbf4c8996fb92427ae41e4649b934ca495991b7852b855"
"duckvep_native_tab17_4_3.time","b5fcc20c37484ae654152c51829cadbe7569e5ed630e53e2b1648f7b088dbcfe"
"duckvep_operational17_1_1.coverage.csv","f183bca788e72f78f33385059e07c0ff91ec1f351ceed40c061443e4a45ee172"
"duckvep_operational17_1_1.coverage.failures.parquet","a0fd58813f421ab100a0c5c1ddce69c65ff8e817fe24cc77e759a86219f302a1"
"duckvep_operational17_1_1.csv","f72a1e786b1e3f1c0acb44cbcf895d8d67dd8785fe7983a37279dda49e5e2759"
"duckvep_operational17_1_1.log","e3b0c44298fc1c149afbf4c8996fb92427ae41e4649b934ca495991b7852b855"
"duckvep_operational17_1_1.time","02bcdbdf45debef2d68ab8be4cf2d647702bfd26635f3203c2e0c2966699a726"
"duckvep_operational17_1_2.coverage.csv","7c2ce9a06c4988ce12c5f37df04bf0238d7e6d2b8bad1337d1a525323e3d296c"
"duckvep_operational17_1_2.coverage.failures.parquet","a0fd58813f421ab100a0c5c1ddce69c65ff8e817fe24cc77e759a86219f302a1"
"duckvep_operational17_1_2.csv","351868be8b5c75a514f4714250c27f2dd5f0c500520e37c2b48e29db73095001"
"duckvep_operational17_1_2.log","e3b0c44298fc1c149afbf4c8996fb92427ae41e4649b934ca495991b7852b855"
"duckvep_operational17_1_2.time","32d77f32c3876c588b55ff7feb509e349c2b1791dcd74b410d02dbbb885892d8"
"duckvep_operational17_1_3.coverage.csv","0a77a4bf97ec355d11411de9eabe1862dd9c606a314a7af747205b313051ae85"
"duckvep_operational17_1_3.coverage.failures.parquet","a0fd58813f421ab100a0c5c1ddce69c65ff8e817fe24cc77e759a86219f302a1"
"duckvep_operational17_1_3.csv","01ae2e8a5954a63b6d0b9074c67f627db71764b2699ab94cef129e4354cbfd55"
"duckvep_operational17_1_3.log","e3b0c44298fc1c149afbf4c8996fb92427ae41e4649b934ca495991b7852b855"
"duckvep_operational17_1_3.time","0c54d813a8a5c655cd06f56562ae2bf8c89bbcfb992a60cebf1f69aa36a88d4d"
"duckvep_operational17_4_1.coverage.csv","2ff1c4292d343afa3438427d14bb93bdc038dfc06c408ed1eb87643ddfb8c7f2"
"duckvep_operational17_4_1.coverage.failures.parquet","a0fd58813f421ab100a0c5c1ddce69c65ff8e817fe24cc77e759a86219f302a1"
"duckvep_operational17_4_1.csv","2bfa58e6b512b4e4bc354644c791754305b6075315acc91cf17a21a615c2b25b"
"duckvep_operational17_4_1.log","e3b0c44298fc1c149afbf4c8996fb92427ae41e4649b934ca495991b7852b855"
"duckvep_operational17_4_1.time","b0a19e204a0537a52834726a7c17987404f04b78e5deae86a598a4f7096b067d"
"duckvep_operational17_4_2.coverage.csv","7d686f21acbcccf046ff8cc04b9849e5fef2b46cc3ff500a678b36a1b91b24e4"
"duckvep_operational17_4_2.coverage.failures.parquet","a0fd58813f421ab100a0c5c1ddce69c65ff8e817fe24cc77e759a86219f302a1"
"duckvep_operational17_4_2.csv","60b3213ebe4d5a09d3c7f6176ba2ad5651dbed215ef322dcf09c46c4863eaa22"
"duckvep_operational17_4_2.log","e3b0c44298fc1c149afbf4c8996fb92427ae41e4649b934ca495991b7852b855"
"duckvep_operational17_4_2.time","36ef837892388bd569c3af639b054755607ef0d27756cc083e8f988314e51160"
"duckvep_operational17_4_3.coverage.csv","60deb690fe259a638054d5c814d6bf91718d7e5ba3b4cdbb6a2dba7a2635c6b3"
"duckvep_operational17_4_3.coverage.failures.parquet","a0fd58813f421ab100a0c5c1ddce69c65ff8e817fe24cc77e759a86219f302a1"
"duckvep_operational17_4_3.csv","4705494feadc3ef9388fae9d2262e5b2546acce7995a20d3297c69170e2b79b8"
"duckvep_operational17_4_3.log","e3b0c44298fc1c149afbf4c8996fb92427ae41e4649b934ca495991b7852b855"
"duckvep_operational17_4_3.time","1a142c8d66c2f579e397a4b760e6e8a4b01c5d057541f3f1ce891a00ece4d499"
"duckvep_vep_csq_1_1.coverage.csv","e91918b7496d34babba840ec1b93b32f5d1dac2a40d3c5316e86f70ae7ca52b1"
"duckvep_vep_csq_1_1.coverage.failures.parquet","a0fd58813f421ab100a0c5c1ddce69c65ff8e817fe24cc77e759a86219f302a1"
"duckvep_vep_csq_1_1.csv","f61f64c90a9cbae321828ee8b477c7782b5e98bfbadeabf755c7376ab8db428d"
"duckvep_vep_csq_1_1.log","e3b0c44298fc1c149afbf4c8996fb92427ae41e4649b934ca495991b7852b855"
"duckvep_vep_csq_1_1.time","bc600ea2cd200c3cfe5594164bf1df5259d441c2171554f2048b111c7aca2dc7"
"duckvep_vep_csq_1_2.coverage.csv","2fd298c9d1f208eac1eed6be2f18762d8fb198e57f04e09e8f911e8cc0d8566a"
"duckvep_vep_csq_1_2.coverage.failures.parquet","a0fd58813f421ab100a0c5c1ddce69c65ff8e817fe24cc77e759a86219f302a1"
"duckvep_vep_csq_1_2.csv","451206b34a2638a1c7b699a95bd29b925ccdc583f323daabe53c88ffa2c062bc"
"duckvep_vep_csq_1_2.log","e3b0c44298fc1c149afbf4c8996fb92427ae41e4649b934ca495991b7852b855"
"duckvep_vep_csq_1_2.time","f1fbb73ee1b6a52900a65d2412054e61d30c7d68bd5b8169db26c2bb93c5345d"
"duckvep_vep_csq_1_3.coverage.csv","002e256734c9773318fd5274ecb104657e70847bd968ccaa1ddbe77318b703cd"
"duckvep_vep_csq_1_3.coverage.failures.parquet","a0fd58813f421ab100a0c5c1ddce69c65ff8e817fe24cc77e759a86219f302a1"
"duckvep_vep_csq_1_3.csv","448a9f283c90a8d8e095817d5e7e912cf007685118233ff8d565cc70e303681f"
"duckvep_vep_csq_1_3.log","e3b0c44298fc1c149afbf4c8996fb92427ae41e4649b934ca495991b7852b855"
"duckvep_vep_csq_1_3.time","dcb757449a8e667fd83aa9bfef26a28113fc75dcd811d53e4ca4c81704bbcd29"
"duckvep_vep_csq_4_1.coverage.csv","f2278186220d48a003965777ee25480d86aaa360838c4b9fc52bf46defc5861a"
"duckvep_vep_csq_4_1.coverage.failures.parquet","a0fd58813f421ab100a0c5c1ddce69c65ff8e817fe24cc77e759a86219f302a1"
"duckvep_vep_csq_4_1.csv","94b638f11298aa8ac69aa8215f56a8146864d8aa36b60433e9730c6ddd253f41"
"duckvep_vep_csq_4_1.log","e3b0c44298fc1c149afbf4c8996fb92427ae41e4649b934ca495991b7852b855"
"duckvep_vep_csq_4_1.time","d18a64d4bbac8a81428be3c2d100db5f1326aec4d86018986fb104680cb1cafe"
"duckvep_vep_csq_4_2.coverage.csv","efccd20d8b8356d1d33344a46112bcd686dd9fec441cfacef1822f6e17310d43"
"duckvep_vep_csq_4_2.coverage.failures.parquet","a0fd58813f421ab100a0c5c1ddce69c65ff8e817fe24cc77e759a86219f302a1"
"duckvep_vep_csq_4_2.csv","608fee5761a5549de27c5f3d96fef912e3892d24fce19434c824cdede719ccf6"
"duckvep_vep_csq_4_2.log","e3b0c44298fc1c149afbf4c8996fb92427ae41e4649b934ca495991b7852b855"
"duckvep_vep_csq_4_2.time","9b8e79efb205c863f24f51e2d52e790bb813f4c4d48fc946bf208f892d468100"
"duckvep_vep_csq_4_3.coverage.csv","87a94ee9991b2e92dfb40a6155e71ab3072053eb992dc147126e979e9b39c5a7"
"duckvep_vep_csq_4_3.coverage.failures.parquet","a0fd58813f421ab100a0c5c1ddce69c65ff8e817fe24cc77e759a86219f302a1"
"duckvep_vep_csq_4_3.csv","6ab97e56821c970ab6bf8fb698fda3b6cf464aa8c498db8afaf6c1b2ff95e04e"
"duckvep_vep_csq_4_3.log","e3b0c44298fc1c149afbf4c8996fb92427ae41e4649b934ca495991b7852b855"
"duckvep_vep_csq_4_3.time","0d0b2015a68b721d7c7e3dc7c90d95d24f72f44a04dd05b75f88600a00e98c61"
"fastvep_build.tsv","7d87253af4425d9c367654091fe6ac9dd368c512b6a96de8d7239bfe26b783a4"
"fastvep_cache_receipt.tsv","373fb9f3d2b2cbff0024eece1eb0aa68c3a5e37bcb2fc22b0511c36ce08fbcc2"
"fastvep_native_tab17_1_1.coverage.csv","b1d9ccaa19a8448215781243d1d3dd301062635c4e6fe020f787906ed8a40d96"
"fastvep_native_tab17_1_1.coverage.failures.parquet","a0fd58813f421ab100a0c5c1ddce69c65ff8e817fe24cc77e759a86219f302a1"
"fastvep_native_tab17_1_1.csv","7dfa3992a7b6ea0d4f516d3e045a80c75a56cc3bcd3db40a011a2d01e85da9f1"
"fastvep_native_tab17_1_1.log","2d48c014f022a6112baf49e265878046e4c4df0da3b783e4b5422e568f57a6d1"
"fastvep_native_tab17_1_1.time","af96ed11426c15126138fb007e1729e7f8e33ab40f0f3f210595ae6a781994d5"
"fastvep_native_tab17_1_2.coverage.csv","1fd8fab2d2bfb72572402dad9ac758739a7c58bfa4f65fe1e23b56b0d4132313"
"fastvep_native_tab17_1_2.coverage.failures.parquet","a0fd58813f421ab100a0c5c1ddce69c65ff8e817fe24cc77e759a86219f302a1"
"fastvep_native_tab17_1_2.csv","a3818564a1bfd190b70ac3d73b3573a29d6b8df4b5f3ccafe859f93811606fb0"
"fastvep_native_tab17_1_2.log","2d48c014f022a6112baf49e265878046e4c4df0da3b783e4b5422e568f57a6d1"
"fastvep_native_tab17_1_2.time","7965ebdcc691e805ee1deabbdae1f3b66c0e7c26c4af5b27c2dc9b960d2413cb"
"fastvep_native_tab17_1_3.coverage.csv","68678b27d5c1d78755b3d980d5f504468626c7cbdae8679940a437db989f21fc"
"fastvep_native_tab17_1_3.coverage.failures.parquet","a0fd58813f421ab100a0c5c1ddce69c65ff8e817fe24cc77e759a86219f302a1"
"fastvep_native_tab17_1_3.csv","f2bdb5c71eead26b57653eafed18ed1aa93db31003abfb01ebf9ad9922d0317d"
"fastvep_native_tab17_1_3.log","2d48c014f022a6112baf49e265878046e4c4df0da3b783e4b5422e568f57a6d1"
"fastvep_native_tab17_1_3.time","5ca1f7ee5ea2c799b9646730c5e48f0cbbe4db6288437bd79cc765f30bae0ba9"
"fastvep_native_tab17_4_1.coverage.csv","13882b46782e72773ef866e1023079bf63921a9367edf2707997239a6b1206b2"
"fastvep_native_tab17_4_1.coverage.failures.parquet","a0fd58813f421ab100a0c5c1ddce69c65ff8e817fe24cc77e759a86219f302a1"
"fastvep_native_tab17_4_1.csv","6a668d05a9862dce807d9bc33e202caf7d22a34cd961a7295eefd303049a6b8f"
"fastvep_native_tab17_4_1.log","2d48c014f022a6112baf49e265878046e4c4df0da3b783e4b5422e568f57a6d1"
"fastvep_native_tab17_4_1.time","5233596cea905ea39917e39c3c981ce7f5caf7e7661a07d720fd8f7e73d300fa"
"fastvep_native_tab17_4_2.coverage.csv","af135251a488c52e475aa2b4420358001949fd8cd5acc5b2df30c371206ecca0"
"fastvep_native_tab17_4_2.coverage.failures.parquet","a0fd58813f421ab100a0c5c1ddce69c65ff8e817fe24cc77e759a86219f302a1"
"fastvep_native_tab17_4_2.csv","dd458152098b0a00613036964ebb7a4e567b3df1a6f2a1915aab84bf1effdb74"
"fastvep_native_tab17_4_2.log","2d48c014f022a6112baf49e265878046e4c4df0da3b783e4b5422e568f57a6d1"
"fastvep_native_tab17_4_2.time","2c25467a21601cd747c03044d5eac463b9963c375d6fd52e84896dc895b453a2"
"fastvep_native_tab17_4_3.coverage.csv","47a9bf64cdb1f4c8d89e548169225cdc3bb3f9860a616e658d98f737141c1526"
"fastvep_native_tab17_4_3.coverage.failures.parquet","a0fd58813f421ab100a0c5c1ddce69c65ff8e817fe24cc77e759a86219f302a1"
"fastvep_native_tab17_4_3.csv","94b15d6e586ed6f350bda89dd93c11c2cccf8ae1666e9659d9a456705154bd45"
"fastvep_native_tab17_4_3.log","2d48c014f022a6112baf49e265878046e4c4df0da3b783e4b5422e568f57a6d1"
"fastvep_native_tab17_4_3.time","6a88debe650148d253ad901b2c7e913560c18ea8ae698c3724e4641394cb2b65"
"fastvep_vep_csq_1_1.coverage.csv","98c7d2574fdeadd92b8c3961e2a25f5aea6ce6a6026fac747716942704ead748"
"fastvep_vep_csq_1_1.coverage.failures.parquet","a0fd58813f421ab100a0c5c1ddce69c65ff8e817fe24cc77e759a86219f302a1"
"fastvep_vep_csq_1_1.csv","febe9f40453a534d4d91f1f26ace7856c2d4c2b94be205adeb15a8ba9200eb5f"
"fastvep_vep_csq_1_1.log","f0ec03aa408ca58a405e6d759100152e8114e4b260e91aa7bcb9b0d4a3504c93"
"fastvep_vep_csq_1_1.time","de7e351bc485f7f76814f4f80f4aafa94017a4d0515dde6e243f5e74ce271128"
"fastvep_vep_csq_1_2.coverage.csv","8e3c6de064f89354ec9fc7c62760ec004b406b89484cf3a53d0ebb62fbb881ca"
"fastvep_vep_csq_1_2.coverage.failures.parquet","a0fd58813f421ab100a0c5c1ddce69c65ff8e817fe24cc77e759a86219f302a1"
"fastvep_vep_csq_1_2.csv","1361cda393e3c3d3f3118d051763afa2fc1130b44f1f3b98a2bcfbd769e5b905"
"fastvep_vep_csq_1_2.log","f0ec03aa408ca58a405e6d759100152e8114e4b260e91aa7bcb9b0d4a3504c93"
"fastvep_vep_csq_1_2.time","f1c6e1700509474bea4a1ba044a0ddff7d870615c5d56a5705b2f9a6eb0095bc"
"fastvep_vep_csq_1_3.coverage.csv","42bf7c6a5413b3b191a1b745271599f18361ba1c37e9fcd35eb58dd32d63d4c7"
"fastvep_vep_csq_1_3.coverage.failures.parquet","a0fd58813f421ab100a0c5c1ddce69c65ff8e817fe24cc77e759a86219f302a1"
"fastvep_vep_csq_1_3.csv","fbb3b2f965da1cb947112f24f84b857282097e224667330927ac60838a294028"
"fastvep_vep_csq_1_3.log","f0ec03aa408ca58a405e6d759100152e8114e4b260e91aa7bcb9b0d4a3504c93"
"fastvep_vep_csq_1_3.time","c6708ebcd872d3641d97d8a7b1d1046de345e6d1c58a00a562d4d41479c9f5b2"
"fastvep_vep_csq_4_1.coverage.csv","e5c9f84497bd3fd17a1ddb5b8a2d40fae895c31ab5cde54fdb5c73778de70cef"
"fastvep_vep_csq_4_1.coverage.failures.parquet","a0fd58813f421ab100a0c5c1ddce69c65ff8e817fe24cc77e759a86219f302a1"
"fastvep_vep_csq_4_1.csv","2ccf2c551f8748246ef46059a5e407b7f4249b803eb652ba3126d7065e0fe160"
"fastvep_vep_csq_4_1.log","f0ec03aa408ca58a405e6d759100152e8114e4b260e91aa7bcb9b0d4a3504c93"
"fastvep_vep_csq_4_1.time","b1f40b5ab3be619eedd9f443be38800568480057fba56efdd8f115afbb7d345c"
"fastvep_vep_csq_4_2.coverage.csv","07a98448ce765d8920c7e7c1b7191910c93cf0597fb9a44b00b3290a9f6264a5"
"fastvep_vep_csq_4_2.coverage.failures.parquet","a0fd58813f421ab100a0c5c1ddce69c65ff8e817fe24cc77e759a86219f302a1"
"fastvep_vep_csq_4_2.csv","9ef6a91f9b73934c39093edf1733a3d4e5e5500059a9e08f3b387a0ace158cbb"
"fastvep_vep_csq_4_2.log","f0ec03aa408ca58a405e6d759100152e8114e4b260e91aa7bcb9b0d4a3504c93"
"fastvep_vep_csq_4_2.time","c14ad0691b29d54edfea20f0e08965db3031a839867c123fa45b0821fc8b218f"
"fastvep_vep_csq_4_3.coverage.csv","18e6365cde76ee48d6cd028104f22809e8d4f63cd7398a1f3b0b884538264ed9"
"fastvep_vep_csq_4_3.coverage.failures.parquet","a0fd58813f421ab100a0c5c1ddce69c65ff8e817fe24cc77e759a86219f302a1"
"fastvep_vep_csq_4_3.csv","ea8f51afbd40e57cca199137826e1b2cd4553fc8d02c26a2018feee41290aeac"
"fastvep_vep_csq_4_3.log","f0ec03aa408ca58a405e6d759100152e8114e4b260e91aa7bcb9b0d4a3504c93"
"fastvep_vep_csq_4_3.time","a46d7f119689a3566aa0b1ed36e4ce89ff8d96fdc0ef6ea3998ab211e1923374"
"inputs.csv","abbb993895e50df97cef5e29206abacf8ef93fd614baa2e0c8a5dbd2e2dff07f"
"matched_gff_receipt.tsv","08abccd3b8e64e4fc1ba568882930f381bda16e2015fb0e0231a078200753b27"
"metadata.csv","28d21186c33fabd2171a017695c8e6e088543494dbbe2de815097a917e9d5c8a"
"source_map_receipt.tsv","f7428614eb2437abc95ed6db4f46084b714de55f5007e577222cd02607af7979"
"source-commit.bin","9ad05b4cd32cf1f592ae42216e648ef235e6eac54054e8453896cf09cd6d863c"
"source-tree.txt","1f1c323e8c95f747a89ec316a8c9bb21e31e5cf1ce7817eecb34ad00baea4e90"
