run_date,source_revision,duckdb_version,cpu,length,transcripts,features,frame,hgvs,threads,events,rows,seconds_median,events_per_second,peak_rss_mb,loaded_rss_mb,checksum,extension_sha256
2026-09-29,a88399998df62955f3e72ed57b71a9b99d3ff7c9,1.5.2,13th Gen Intel(R) Core(TM) i5-13500,100000,400,120,lifted,False,1,355446,12163925,2.557,139006,326.5,96.4,112207876093400761556032700,6ab81a98689b664f9856900e6d52028ef50e49e0dc9c0d4fb1de310ebdf09da4
2026-09-29,a88399998df62955f3e72ed57b71a9b99d3ff7c9,1.5.2,13th Gen Intel(R) Core(TM) i5-13500,100000,400,120,lifted,False,4,355446,12163925,0.703,505652,391.1,98.3,112207876093400761556032700,6ab81a98689b664f9856900e6d52028ef50e49e0dc9c0d4fb1de310ebdf09da4
2026-09-29,a88399998df62955f3e72ed57b71a9b99d3ff7c9,1.5.2,13th Gen Intel(R) Core(TM) i5-13500,100000,400,120,lifted,False,8,355446,12163925,0.406,875773,457.4,98.9,112207876093400761556032700,6ab81a98689b664f9856900e6d52028ef50e49e0dc9c0d4fb1de310ebdf09da4
2026-09-29,a88399998df62955f3e72ed57b71a9b99d3ff7c9,1.5.2,13th Gen Intel(R) Core(TM) i5-13500,100000,400,120,lifted,True,1,355446,12163925,6.291,56500,349.7,96.2,112183060793327480582475232,6ab81a98689b664f9856900e6d52028ef50e49e0dc9c0d4fb1de310ebdf09da4
2026-09-29,a88399998df62955f3e72ed57b71a9b99d3ff7c9,1.5.2,13th Gen Intel(R) Core(TM) i5-13500,100000,400,120,lifted,True,4,355446,12163925,1.693,209939,488.7,96.9,112183060793327480582475232,6ab81a98689b664f9856900e6d52028ef50e49e0dc9c0d4fb1de310ebdf09da4
2026-09-29,a88399998df62955f3e72ed57b71a9b99d3ff7c9,1.5.2,13th Gen Intel(R) Core(TM) i5-13500,100000,400,120,lifted,True,8,355446,12163925,1.009,352332,643.2,99.0,112183060793327480582475232,6ab81a98689b664f9856900e6d52028ef50e49e0dc9c0d4fb1de310ebdf09da4
2026-09-29,a88399998df62955f3e72ed57b71a9b99d3ff7c9,1.5.2,13th Gen Intel(R) Core(TM) i5-13500,100000,400,120,lifted_rot,False,1,355446,12163925,2.566,138527,331.5,96.1,112207876093400761556032700,6ab81a98689b664f9856900e6d52028ef50e49e0dc9c0d4fb1de310ebdf09da4
2026-09-29,a88399998df62955f3e72ed57b71a9b99d3ff7c9,1.5.2,13th Gen Intel(R) Core(TM) i5-13500,100000,400,120,lifted_rot,False,4,355446,12163925,0.685,519079,398.0,97.9,112207876093400761556032700,6ab81a98689b664f9856900e6d52028ef50e49e0dc9c0d4fb1de310ebdf09da4
2026-09-29,a88399998df62955f3e72ed57b71a9b99d3ff7c9,1.5.2,13th Gen Intel(R) Core(TM) i5-13500,100000,400,120,lifted_rot,False,8,355446,12163925,0.412,863064,478.6,98.5,112207876093400761556032700,6ab81a98689b664f9856900e6d52028ef50e49e0dc9c0d4fb1de310ebdf09da4
2026-09-29,a88399998df62955f3e72ed57b71a9b99d3ff7c9,1.5.2,13th Gen Intel(R) Core(TM) i5-13500,100000,400,120,lifted_rot,True,1,355446,12163925,6.248,56886,350.3,96.2,112183060793327480582475232,6ab81a98689b664f9856900e6d52028ef50e49e0dc9c0d4fb1de310ebdf09da4
2026-09-29,a88399998df62955f3e72ed57b71a9b99d3ff7c9,1.5.2,13th Gen Intel(R) Core(TM) i5-13500,100000,400,120,lifted_rot,True,4,355446,12163925,1.699,209177,478.6,97.4,112183060793327480582475232,6ab81a98689b664f9856900e6d52028ef50e49e0dc9c0d4fb1de310ebdf09da4
2026-09-29,a88399998df62955f3e72ed57b71a9b99d3ff7c9,1.5.2,13th Gen Intel(R) Core(TM) i5-13500,100000,400,120,lifted_rot,True,8,355446,12163925,0.993,358026,651.2,97.9,112183060793327480582475232,6ab81a98689b664f9856900e6d52028ef50e49e0dc9c0d4fb1de310ebdf09da4
2026-09-29,a88399998df62955f3e72ed57b71a9b99d3ff7c9,1.5.2,13th Gen Intel(R) Core(TM) i5-13500,100000,400,120,linear,False,1,355446,12163925,2.131,166818,331.9,96.3,112207876093400761556032700,6ab81a98689b664f9856900e6d52028ef50e49e0dc9c0d4fb1de310ebdf09da4
2026-09-29,a88399998df62955f3e72ed57b71a9b99d3ff7c9,1.5.2,13th Gen Intel(R) Core(TM) i5-13500,100000,400,120,linear,False,4,355446,12163925,0.589,603951,399.2,97.6,112207876093400761556032700,6ab81a98689b664f9856900e6d52028ef50e49e0dc9c0d4fb1de310ebdf09da4
2026-09-29,a88399998df62955f3e72ed57b71a9b99d3ff7c9,1.5.2,13th Gen Intel(R) Core(TM) i5-13500,100000,400,120,linear,False,8,355446,12163925,0.346,1027782,476.3,99.1,112207876093400761556032700,6ab81a98689b664f9856900e6d52028ef50e49e0dc9c0d4fb1de310ebdf09da4
2026-09-29,a88399998df62955f3e72ed57b71a9b99d3ff7c9,1.5.2,13th Gen Intel(R) Core(TM) i5-13500,100000,400,120,linear,True,1,355446,12163925,5.049,70402,357.0,96.3,112183060793327480582475232,6ab81a98689b664f9856900e6d52028ef50e49e0dc9c0d4fb1de310ebdf09da4
2026-09-29,a88399998df62955f3e72ed57b71a9b99d3ff7c9,1.5.2,13th Gen Intel(R) Core(TM) i5-13500,100000,400,120,linear,True,4,355446,12163925,1.331,266996,481.7,97.7,112183060793327480582475232,6ab81a98689b664f9856900e6d52028ef50e49e0dc9c0d4fb1de310ebdf09da4
2026-09-29,a88399998df62955f3e72ed57b71a9b99d3ff7c9,1.5.2,13th Gen Intel(R) Core(TM) i5-13500,100000,400,120,linear,True,8,355446,12163925,0.781,455212,675.5,98.3,112183060793327480582475232,6ab81a98689b664f9856900e6d52028ef50e49e0dc9c0d4fb1de310ebdf09da4
