"run_date","source_revision","artifact","species","source_name","source_version","assembly","source_manifest_sha256","reference_sha256","transcript_filter","model_sha256","region_count","reference_base_count","transcript_count","gene_count","coding_transcript_count","sequence_backed_transcript_count","sequence_withheld_transcript_count","exon_membership_count","cds_base_count","mature_mirna_transcript_count","mature_mirna_segment_count","peptide_edit_count","transcript_flank_base_count","regulation_feature_count","regulatory_region_count","motif_feature_count","codon_table_counts"
"2026-07-16","96b4cd454323314c71fdefc7bc2d49dfa52eb239","homo_sapiens_116_GRCh38_final.duckdb","homo_sapiens","Ensembl","116","GRCh38","34eaee64f47916f2a9d3d864377f911424741c7ead12883e47dcf998f9677703","d8c3af0094a7bba6125763bad779ec18a81483c739c6ed122094bdf86c187b92","VEP 116 core: is_current=1, non-empty stable ID, biotype!=artifact, no readthrough_tra; GRCh38 primary-assembly FASTA regions; release-matched funcgen RegulatoryFeature and MotifFeature with epigenetically_modified_region excluded","296bc90633562da49e900a723675c7a0b4aba53b8cbdec027f107d46972aec68",194,3099750718,644427,78062,369631,369631,0,5068416,456721723,1876,2806,389,694535206,1383580,380818,1002762,"1:369618;2:13"
"2026-07-14","8498b92a7ac51b77fa99c54fa58b727e06fe65c7","homo_sapiens_116_GRCh37_final.duckdb","homo_sapiens","Ensembl GRCh37","116","GRCh37","c379d7bf8a50991ea2e5133a15e6870f545b2a1db55e191e7d5624f47067ee97","0a43b56dec40debae976d6e70cac68ea6ed874f9fb7c8c814363702ff1d47865","VEP 116 core: is_current=1, non-empty stable ID, biotype!=artifact, no readthrough_tra; GRCh37 primary-assembly FASTA regions","25459e62e50d0514597530acc68f41238b4dcee2fe63e9e92fc37245ee2177b1",84,3101804739,195379,57343,94610,94610,0,1186433,108212216,3174,3788,129,87232405,0,0,0,"1:94597;2:13"
"2026-07-14","8498b92a7ac51b77fa99c54fa58b727e06fe65c7","plasmodium_falciparum_63_GCA000002765v3.duckdb","plasmodium_falciparum","Ensembl Genomes Protists","63/116","GCA000002765v3","577d77d2b8ffa35dfceae3799d1624ddc41da6ced058705030f2431e3232688d","373c843cabc20ccbffa6de98c3e09a34f23d7f0bf9a82a5bf76ddc3a70ca2f6d","VEP 116 core: is_current=1, non-empty stable ID, biotype!=artifact, no readthrough_tra; complete GCA000002765v3 toplevel FASTA","c011cdd4deab76f52e1fbb984d8b09ce3afa700a7d8b2b7faea05037562efcf3",16,23332839,5791,5720,5389,5389,0,15097,12327282,0,0,4,4820944,0,0,0,"1:5356;4:3;11:30"
"2026-09-28","fe20ef30c016be8702c0ad66b06a4238e0d328eb","homo_sapiens_116_GRCh37_final.duckdb","homo_sapiens","Ensembl GRCh37","116","GRCh37","c379d7bf8a50991ea2e5133a15e6870f545b2a1db55e191e7d5624f47067ee97","0a43b56dec40debae976d6e70cac68ea6ed874f9fb7c8c814363702ff1d47865","VEP 116 core: is_current=1, non-empty stable ID, biotype!=artifact, no readthrough_tra; GRCh37 primary-assembly FASTA regions","21e113d9148132491bc935f3d1b0ec7d50663f450b62e346cb1f0f447de0b290",84,3101804739,195379,57343,94610,94610,0,1186433,108212216,3174,3788,129,87232405,0,0,0,"1:94597;2:13"
"2026-09-28","f7955e2be44dfa457e221fcb9572f567e07a1283","homo_sapiens_116_GRCh38_final.duckdb","homo_sapiens","Ensembl","116","GRCh38","34eaee64f47916f2a9d3d864377f911424741c7ead12883e47dcf998f9677703","d8c3af0094a7bba6125763bad779ec18a81483c739c6ed122094bdf86c187b92","VEP 116 core: is_current=1, non-empty stable ID, biotype!=artifact, no readthrough_tra; GRCh38 primary-assembly FASTA regions; release-matched funcgen RegulatoryFeature and MotifFeature with epigenetically_modified_region excluded","392fa11d6c8fc9d2fa060fb870cf7566016916325e0a12b8d168a12df0fd3c01",194,3099750718,644427,78062,369631,369631,0,5068416,456721723,1876,2806,389,694535206,1383580,380818,1002762,"1:369618;2:13"
"2026-09-28","f7955e2be44dfa457e221fcb9572f567e07a1283","plasmodium_falciparum_63_GCA000002765v3.duckdb","plasmodium_falciparum","Ensembl Genomes Protists","63/116","GCA000002765v3","577d77d2b8ffa35dfceae3799d1624ddc41da6ced058705030f2431e3232688d","373c843cabc20ccbffa6de98c3e09a34f23d7f0bf9a82a5bf76ddc3a70ca2f6d","VEP 116 core: is_current=1, non-empty stable ID, biotype!=artifact, no readthrough_tra; complete GCA000002765v3 toplevel FASTA","d9c7056823755f83d5b189b9e59fdd1129ebe3e342095453e0d2208f3081d81b",16,23332839,5791,5720,5389,5389,0,15097,12327282,0,0,4,4820944,0,0,0,"1:5356;4:3;11:30"
"2026-09-28","f544b337ee9cf9eba52abacdfe4e73bf9c463b7e","mus_musculus_116_GRCm39.duckdb","mus_musculus","ensembl_core","116","GRCm39","9a14c954620c71ffe388f020209088d952be8ab85c393dbc161b5f6137cb276a","14571f7559e292baf0a40f9d155c41ede19a04d80fdeb59a0c2dfe566db90552","is_current=1; stable_id present; biotype!=artifact; !readthrough_tra; primary-assembly FASTA regions; quarantine miRNA 35-56 on ENSMUST00000175144 (53 nt cDNA)","ae39ffc9e647d0a096a13b737599d480fae2b94d3a202938a8eeaa44208c62be",61,2728222451,481483,78077,269905,269905,0,3759315,323403072,18,29,177,528712895,0,0,0,"1:269892;2:13"
"2026-09-28","0ceeeba4adeece46a44f333f71de77922ab10447","drosophila_melanogaster_116_BDGP6.54.duckdb","drosophila_melanogaster","ensembl_core","116","BDGP6.54","f27482b51e42d056b86bcfe86d4a8f6d288c0d6756b9675d65b7c58c90e493a8","ce9277317eca7467e8143c422ec46335f929eb1363136ba3fe5f56a88ef93879","is_current=1; stable_id present; biotype!=artifact; !readthrough_tra; toplevel FASTA regions","e6deea1ac2b0097589df9da501bd4a1ddf47ec5f8e0d4291ee49e727352533c8",1870,143726002,41600,24254,30802,30710,92,196664,61022404,0,0,677,27682580,0,0,0,"1:30697;5:13"
"2026-09-29","013ce4fdc0134b7247614a8515f1c908165d85ea","arabidopsis_thaliana_63_TAIR10.duckdb","arabidopsis_thaliana","ensembl_core","63/116","TAIR10","7e804577dc733a44f8cbb805f171c5a5e212606d07ce31a20d1768cc34486b2b","85c83b6dd6820769dae5df190adda7ca0762872d61e5634a91f1d14c8f4fd8ce","is_current=1; stable_id present; biotype!=artifact; !readthrough_tra; toplevel FASTA regions","5b3fac7c92db9c2dfd13cc83df457a993ece29b5b703343194c5363136d0a12f",7,119667750,54013,32833,48321,48316,5,313952,62633016,325,325,0,23745004,0,0,0,"1:48228;11:88"
"2026-09-29","eb7c6861c00c741896feeb9e5d4aa71b32e512c6","tetrahymena_thermophila_63_JCVI-TTA1-2.2.duckdb","tetrahymena_thermophila","ensembl_core","63/116","JCVI-TTA1-2.2","9150ad584ea678ea2039a9d37bf3037f645dac14b017f7e5c8832eb6e492aaf5","874af00a47934a74f12e34a8d2a26a17c982169a77325e1d58e5f3f499592331","is_current=1; stable_id present; biotype!=artifact; !readthrough_tra; primary-assembly FASTA regions","23fc4aa4ebee8dd2dbb515a9a8a5c6436a7da99c71e5844d7150c13e0bb6352a",1158,103014375,25655,25655,24725,24725,0,114990,48193658,0,0,24725,1117538,0,0,0,"6:24725;NA:930"
