release/4.1/vcf/genomes/gnomad.genomes.v4.1.sites.chr1.vcf.bgz	44078103205	1713312294871491	MotFeCEq/sLN45ShsC1UTw==	FqpDjA==
release/4.1/vcf/genomes/gnomad.genomes.v4.1.sites.chr1.vcf.bgz.tbi	220042	1713312293996008	AsZ7t3EJ8WOGUMDPo4nv0w==	4tcDkg==
release/4.1/vcf/genomes/gnomad.genomes.v4.1.sites.chr10.vcf.bgz	26841421792	1713312294998868	ws12ATDSM59xNfxwcA2x4Q==	ybF8KA==
release/4.1/vcf/genomes/gnomad.genomes.v4.1.sites.chr10.vcf.bgz.tbi	127291	1713312295924414	jhuXTWbUGiEFyK62wrMLqw==	NWiZRg==
release/4.1/vcf/genomes/gnomad.genomes.v4.1.sites.chr11.vcf.bgz	26393279310	1713312293890231	0eek3PP/Yu7/ylev78WjOg==	u7t6vw==
release/4.1/vcf/genomes/gnomad.genomes.v4.1.sites.chr11.vcf.bgz.tbi	127058	1713312296758007	z8w+Neu6KrofoB1VEfFnfA==	m2OgiA==
release/4.1/vcf/genomes/gnomad.genomes.v4.1.sites.chr12.vcf.bgz	25950974228	1713312296591810	ZEvbxcU9kRLtusrUAaKNGg==	mesLIQ==
release/4.1/vcf/genomes/gnomad.genomes.v4.1.sites.chr12.vcf.bgz.tbi	126421	1713312296875684	v6yLib/ruCwVWHXKKL/y6A==	NvlQhw==
release/4.1/vcf/genomes/gnomad.genomes.v4.1.sites.chr13.vcf.bgz	17100492651	1713312293896988	hLEvKZIQ0qfjkMVqI0t7aA==	gOqycA==
release/4.1/vcf/genomes/gnomad.genomes.v4.1.sites.chr13.vcf.bgz.tbi	92856	1713312293703719	+6OQZDlDS2jA5IwU2KLVSA==	W7MEeg==
release/4.1/vcf/genomes/gnomad.genomes.v4.1.sites.chr14.vcf.bgz	17860683682	1713312296957467	DlJLQU+vWlG3TRU5ObPdzQ==	RBBQsw==
release/4.1/vcf/genomes/gnomad.genomes.v4.1.sites.chr14.vcf.bgz.tbi	85574	1713312295995555	EvNwmI81PmQxM8UWvX8AxA==	KYs8Tg==
release/4.1/vcf/genomes/gnomad.genomes.v4.1.sites.chr15.vcf.bgz	16904431253	1713312296726087	ANE4bq2/y2U+uBCmwI7SUA==	17GpXg==
release/4.1/vcf/genomes/gnomad.genomes.v4.1.sites.chr15.vcf.bgz.tbi	79598	1713312293778769	x8QdzJ4FOVSvdWLqAgCgQA==	SB2Vcw==
release/4.1/vcf/genomes/gnomad.genomes.v4.1.sites.chr16.vcf.bgz	18918703003	1713312297193679	KxBsEsqMypvVjpjSwkjvTQ==	UBmTWg==
release/4.1/vcf/genomes/gnomad.genomes.v4.1.sites.chr16.vcf.bgz.tbi	78008	1713312295990179	lMGlpQDwiO70Zw6/+YsPQQ==	1TbycQ==
release/4.1/vcf/genomes/gnomad.genomes.v4.1.sites.chr17.vcf.bgz	17412317144	1713312293896382	nVi0WedTErSHxmBmbqVAxA==	GvPglQ==
release/4.1/vcf/genomes/gnomad.genomes.v4.1.sites.chr17.vcf.bgz.tbi	77219	1713312293714218	HNHRug4yDLYJ8DO3tuXaRw==	2h4MlA==
release/4.1/vcf/genomes/gnomad.genomes.v4.1.sites.chr18.vcf.bgz	14430177524	1713312293976212	uV0wpvWkUkLYNPxzUa/XYA==	ydSuUA==
release/4.1/vcf/genomes/gnomad.genomes.v4.1.sites.chr18.vcf.bgz.tbi	72358	1713312294900127	Vlt4+hcvHiBhfsnGa9q8RQ==	kwqmlQ==
release/4.1/vcf/genomes/gnomad.genomes.v4.1.sites.chr19.vcf.bgz	13679473477	1713312295141660	c/ocfAkHLoyl4moUQ/CvKg==	l1/VSg==
release/4.1/vcf/genomes/gnomad.genomes.v4.1.sites.chr19.vcf.bgz.tbi	53702	1713312294408483	uK9a10hQfMQpEWX3BbQFaw==	A1KFJg==
release/4.1/vcf/genomes/gnomad.genomes.v4.1.sites.chr2.vcf.bgz	46559034968	1713312293837734	UYygHmdXpovAq+dvha9kTQ==	HsJi3A==
release/4.1/vcf/genomes/gnomad.genomes.v4.1.sites.chr2.vcf.bgz.tbi	230708	1713312293645206	SVwua1eHGdx3xv3KLnmYdQ==	ZC7JtA==
release/4.1/vcf/genomes/gnomad.genomes.v4.1.sites.chr20.vcf.bgz	11838569571	1713312296277574	bG8ybGeyiOyZkykF2nLB5g==	N6J+DQ==
release/4.1/vcf/genomes/gnomad.genomes.v4.1.sites.chr20.vcf.bgz.tbi	58550	1713312294095979	xtPOdsVdm9QdhJt91cytBQ==	Dgu2iQ==
release/4.1/vcf/genomes/gnomad.genomes.v4.1.sites.chr21.vcf.bgz	7758981978	1713312294509376	m2WEz+YvbovQw86pCkzlag==	XHHPXg==
release/4.1/vcf/genomes/gnomad.genomes.v4.1.sites.chr21.vcf.bgz.tbi	36783	1713312293731688	g89rl0x+E8EiecDxldTOSA==	AhcS5Q==
release/4.1/vcf/genomes/gnomad.genomes.v4.1.sites.chr22.vcf.bgz	8731339280	1713312296617113	p7z3Eqa40p5pBGi/HdiRPQ==	1QBUkQ==
release/4.1/vcf/genomes/gnomad.genomes.v4.1.sites.chr22.vcf.bgz.tbi	36654	1713312294448495	RPXvT5m/7Q7IM2hsi6OrsA==	f+zMjA==
release/4.1/vcf/genomes/gnomad.genomes.v4.1.sites.chr3.vcf.bgz	39251922328	1713312294363929	cWwYFDGjwRousYxfUKNULQ==	X6x63g==
release/4.1/vcf/genomes/gnomad.genomes.v4.1.sites.chr3.vcf.bgz.tbi	188994	1713312296298772	fBVhBzhk+SznZoL1qASdFw==	ayastA==
release/4.1/vcf/genomes/gnomad.genomes.v4.1.sites.chr4.vcf.bgz	36033143211	1713312293945411	2bkT8+MMj0EPnOfe5d7m1A==	ZOa/rw==
release/4.1/vcf/genomes/gnomad.genomes.v4.1.sites.chr4.vcf.bgz.tbi	181551	1713312293994250	KuOxQ21xBX61E6IzxztieA==	VbzlPw==
release/4.1/vcf/genomes/gnomad.genomes.v4.1.sites.chr5.vcf.bgz	32707176660	1713312295866732	oqO5AUr1yPm7qvdDlo5I+A==	nFZlDw==
release/4.1/vcf/genomes/gnomad.genomes.v4.1.sites.chr5.vcf.bgz.tbi	171322	1713312295263967	TLM66+dtba7Pl/YeUtqA3A==	3gGpUQ==
release/4.1/vcf/genomes/gnomad.genomes.v4.1.sites.chr6.vcf.bgz	31788224183	1713312294901066	5lwqoyHF4nJUj7PZAbrjgg==	mGaonQ==
release/4.1/vcf/genomes/gnomad.genomes.v4.1.sites.chr6.vcf.bgz.tbi	163217	1713312297077832	WRMjZMVmCY1slkD9pzdLnA==	VOpWrw==
release/4.1/vcf/genomes/gnomad.genomes.v4.1.sites.chr7.vcf.bgz	31250828580	1713312294508508	WO4izz3MjLi0k9IY4ZQyzA==	8pv9Fw==
release/4.1/vcf/genomes/gnomad.genomes.v4.1.sites.chr7.vcf.bgz.tbi	150953	1713312296560888	enNne+P+Fto73QUWAsHz3g==	u7ipvQ==
release/4.1/vcf/genomes/gnomad.genomes.v4.1.sites.chr8.vcf.bgz	29291764214	1713312294472873	mFTZ3yKXfPW6wPn8BfTo9Q==	o0og2w==
release/4.1/vcf/genomes/gnomad.genomes.v4.1.sites.chr8.vcf.bgz.tbi	138638	1713312296184486	3Sf2LXFgIA5LMLk59FtpwA==	3JTLrA==
release/4.1/vcf/genomes/gnomad.genomes.v4.1.sites.chr9.vcf.bgz	24761070444	1713312293991082	at/JxHAAz2bRMFOSBRs5HQ==	7t/2fQ==
release/4.1/vcf/genomes/gnomad.genomes.v4.1.sites.chr9.vcf.bgz.tbi	116388	1713312294900885	yNtT7Y2wSgtalf9IXmAuFA==	pOpwEQ==
release/4.1/vcf/genomes/gnomad.genomes.v4.1.sites.chrX.vcf.bgz	22908335319	1713312294309793	i5F2aQaGWweVxlOvUctzuA==	omqMBg==
release/4.1/vcf/genomes/gnomad.genomes.v4.1.sites.chrX.vcf.bgz.tbi	145081	1713312293704757	SJXheeE/5S/0EeUrf9aVyg==	qaCKYw==
release/4.1/vcf/genomes/gnomad.genomes.v4.1.sites.chrY.vcf.bgz	599108494	1713312295885572	H/ucaDZ09B/3z1JOW7VruA==	MwS+fw==
release/4.1/vcf/genomes/gnomad.genomes.v4.1.sites.chrY.vcf.bgz.tbi	13725	1713312294318721	PhVseo18PIxOnhTKzX5lVg==	ShQNOA==
release/4.1/vcf/exomes/gnomad.exomes.v4.1.sites.chr1.vcf.bgz	18789775480	1713312293945645	hIvk2FyVO8c6jk8MlwJqcg==	ImkCQA==
release/4.1/vcf/exomes/gnomad.exomes.v4.1.sites.chr1.vcf.bgz.tbi	130696	1713312294492908	MU7V5+OihdpZ8Hoh8zNLTQ==	xYgJcA==
release/4.1/vcf/exomes/gnomad.exomes.v4.1.sites.chr10.vcf.bgz	7858233309	1713312293993190	S+/I3FDq2IjoryT1Vsn91g==	nW/a5A==
release/4.1/vcf/exomes/gnomad.exomes.v4.1.sites.chr10.vcf.bgz.tbi	63934	1713312295250461	Mjf66JNiKzZeH+rZTGPeKQ==	elOwyg==
release/4.1/vcf/exomes/gnomad.exomes.v4.1.sites.chr11.vcf.bgz	11641720279	1713312296300335	ODPOOrBGr+ksm1Xfk6YeyA==	g8gmsQ==
release/4.1/vcf/exomes/gnomad.exomes.v4.1.sites.chr11.vcf.bgz.tbi	72428	1713312299758386	uY8yH7cptn4wDK5vhGgd1w==	G5XtNg==
release/4.1/vcf/exomes/gnomad.exomes.v4.1.sites.chr12.vcf.bgz	10632124827	1713312296174152	5TCp7SA83MkUYhq3Qwd0uw==	ZeERAQ==
release/4.1/vcf/exomes/gnomad.exomes.v4.1.sites.chr12.vcf.bgz.tbi	73346	1713312296049881	b174B96Cmx6GsEs8VHKcIg==	kvKYMA==
release/4.1/vcf/exomes/gnomad.exomes.v4.1.sites.chr13.vcf.bgz	3540233028	1713312295379814	rx6rQMi+R8jHwE3HPgMz5A==	wf1R3Q==
release/4.1/vcf/exomes/gnomad.exomes.v4.1.sites.chr13.vcf.bgz.tbi	36968	1713312293697977	jwtDKLDdpCzhRmFKQFBEjw==	6TTIxw==
release/4.1/vcf/exomes/gnomad.exomes.v4.1.sites.chr14.vcf.bgz	6669068987	1713312297092816	0OD6cdlL8BagYbpNwL2Gnw==	egA8jQ==
release/4.1/vcf/exomes/gnomad.exomes.v4.1.sites.chr14.vcf.bgz.tbi	47202	1713312296000148	5nUal5JoUk2AWHLPEI8vvg==	OR9P/A==
release/4.1/vcf/exomes/gnomad.exomes.v4.1.sites.chr15.vcf.bgz	7374290946	1713312295924760	AbEW40s4Fc/R06+lOimkGw==	ONVm2g==
release/4.1/vcf/exomes/gnomad.exomes.v4.1.sites.chr15.vcf.bgz.tbi	51155	1713312294231213	UxW6l2/sPjLhmNa3fz68XQ==	t+VwaA==
release/4.1/vcf/exomes/gnomad.exomes.v4.1.sites.chr16.vcf.bgz	9774275728	1713312295240775	RBN4Q7LfOcimVEJxgb2pGQ==	DESbhg==
release/4.1/vcf/exomes/gnomad.exomes.v4.1.sites.chr16.vcf.bgz.tbi	47912	1713312294899271	r3PQTX1EfHcY9RYgrgaJ2Q==	d5h4DA==
release/4.1/vcf/exomes/gnomad.exomes.v4.1.sites.chr17.vcf.bgz	12017042594	1713312297486220	xhl4IYqz6qB7Vx65lZ850g==	WRcWoQ==
release/4.1/vcf/exomes/gnomad.exomes.v4.1.sites.chr17.vcf.bgz.tbi	55983	1713312295556038	ffLHQeTdrepiNXAHaNDQhA==	yvDbtQ==
release/4.1/vcf/exomes/gnomad.exomes.v4.1.sites.chr18.vcf.bgz	3390375115	1713312296958112	HscI1crpZXzO4GJnY+2ZRg==	JfLt5g==
release/4.1/vcf/exomes/gnomad.exomes.v4.1.sites.chr18.vcf.bgz.tbi	33492	1713312296186450	xhpQghcdlWn/QQLpLNYwzQ==	JuHp3A==
release/4.1/vcf/exomes/gnomad.exomes.v4.1.sites.chr19.vcf.bgz	12620525657	1713312294660314	UKN8+pqaPgMDiLzxW9q7eQ==	nEggJw==
release/4.1/vcf/exomes/gnomad.exomes.v4.1.sites.chr19.vcf.bgz.tbi	45979	1713312297221653	ufaW2kIqpnk47xCnF0oLIg==	SXyt/w==
release/4.1/vcf/exomes/gnomad.exomes.v4.1.sites.chr2.vcf.bgz	14282176877	1713312296841984	4vXYkaM3TojRwxNvlL7Q6g==	4BiJ1A==
release/4.1/vcf/exomes/gnomad.exomes.v4.1.sites.chr2.vcf.bgz.tbi	114639	1713312295793707	Matk3XTi8oZuaggWv4Q0Cw==	se7OWw==
release/4.1/vcf/exomes/gnomad.exomes.v4.1.sites.chr20.vcf.bgz	4760834034	1713312293874769	YFaAzZnkab318ARb0iNZyQ==	m1nfGg==
release/4.1/vcf/exomes/gnomad.exomes.v4.1.sites.chr20.vcf.bgz.tbi	33684	1713312295457947	I1xS3BFPubfDf3DF9AWV1Q==	EW2BNw==
release/4.1/vcf/exomes/gnomad.exomes.v4.1.sites.chr21.vcf.bgz	2250319809	1713312294507401	fKbVGkJCW4V+3bRte8WDLQ==	6ClkLQ==
release/4.1/vcf/exomes/gnomad.exomes.v4.1.sites.chr21.vcf.bgz.tbi	14118	1713312293754188	81ClOGldnBXnZwIjPb0hOA==	yX7FXA==
release/4.1/vcf/exomes/gnomad.exomes.v4.1.sites.chr22.vcf.bgz	5060347554	1713312296186865	3PGRVj5pBUpxvU3HeGJ5mg==	em8fSg==
release/4.1/vcf/exomes/gnomad.exomes.v4.1.sites.chr22.vcf.bgz.tbi	22536	1713312293663901	WYRHBBRlRba8mvx276kx6Q==	jIqH4w==
release/4.1/vcf/exomes/gnomad.exomes.v4.1.sites.chr3.vcf.bgz	11586472818	1713312294660363	o1uUmzJFO0tavXsd5C4pig==	1yuSng==
release/4.1/vcf/exomes/gnomad.exomes.v4.1.sites.chr3.vcf.bgz.tbi	92706	1713312293676685	pOJNR3PvsuNuBLRJBc02sA==	OOqV7A==
release/4.1/vcf/exomes/gnomad.exomes.v4.1.sites.chr4.vcf.bgz	7712255367	1713312294416533	x8cAinOsu4/qaLgpUYQoMg==	Ur9LHw==
release/4.1/vcf/exomes/gnomad.exomes.v4.1.sites.chr4.vcf.bgz.tbi	78479	1713312296652512	tmCP+5vUejIsjKwRlvXaHg==	2O38LA==
release/4.1/vcf/exomes/gnomad.exomes.v4.1.sites.chr5.vcf.bgz	8494344938	1713312294573561	wQFvVr5i3rLpR/7U0xMC3Q==	5mHVWQ==
release/4.1/vcf/exomes/gnomad.exomes.v4.1.sites.chr5.vcf.bgz.tbi	78966	1713312296815170	GE9tDErQQmhh9IrlEZ5SSg==	FNLiOQ==
release/4.1/vcf/exomes/gnomad.exomes.v4.1.sites.chr6.vcf.bgz	9132083331	1713312295184845	+WvIcR7QhdY7i9U5ZmStvA==	DQpPaA==
release/4.1/vcf/exomes/gnomad.exomes.v4.1.sites.chr6.vcf.bgz.tbi	77127	1713312294366819	aPA07zqdt+kp0n88q3RRiw==	iKngAQ==
release/4.1/vcf/exomes/gnomad.exomes.v4.1.sites.chr7.vcf.bgz	9675275184	1713312295957573	xBzVJXGwAc99PjiKZo5N/w==	S0524g==
release/4.1/vcf/exomes/gnomad.exomes.v4.1.sites.chr7.vcf.bgz.tbi	77730	1713312294710620	w7QENeTKQhrHcBaTFoCumg==	zdAqIw==
release/4.1/vcf/exomes/gnomad.exomes.v4.1.sites.chr8.vcf.bgz	7275385426	1713312296656421	pHd3/hQcAYdssXDywvLmtg==	rQ0c+g==
release/4.1/vcf/exomes/gnomad.exomes.v4.1.sites.chr8.vcf.bgz.tbi	66417	1713312294083881	NrGSDeSocqyTsUob8BPPIw==	6VDSLQ==
release/4.1/vcf/exomes/gnomad.exomes.v4.1.sites.chr9.vcf.bgz	8041521990	1713312293936140	xavU2K/xLyv4tOyER2l4Lw==	ZkiZQg==
release/4.1/vcf/exomes/gnomad.exomes.v4.1.sites.chr9.vcf.bgz.tbi	59035	1713312297157131	5HYSwBO5ifzaHKoyuR2n+A==	mk85tw==
release/4.1/vcf/exomes/gnomad.exomes.v4.1.sites.chrX.vcf.bgz	5746768174	1713312294422429	W3sX09TP8iwgSAqQjIYaKA==	gdbS9g==
release/4.1/vcf/exomes/gnomad.exomes.v4.1.sites.chrX.vcf.bgz.tbi	57299	1713312293670984	vl6VHIq61/5dvWAGxmOK2Q==	7qSEhg==
release/4.1/vcf/exomes/gnomad.exomes.v4.1.sites.chrY.vcf.bgz	113561604	1713312296136236	1QDPWnPFPwLRuV8eCS8uSQ==	YdTTkg==
release/4.1/vcf/exomes/gnomad.exomes.v4.1.sites.chrY.vcf.bgz.tbi	5364	1713312294826760	X0hKkfsxNI5jrrPtxl1q+g==	8gBX5g==
release/4.1/genome_sv/gnomad.v4.1.sv.sites.vcf.gz	1743544245	1713312040472933	PuYUlRwvDDZlmEKHb3zgug==	7RKeww==
release/4.1/genome_sv/gnomad.v4.1.sv.sites.vcf.gz.tbi	511659	1713312039906181	ncyO7/PSNrOCKr7p7COCQA==	JcrmLQ==
