object	part	rows	bytes	sha256
release/4.1/genome_sv/gnomad.v4.1.sv.sites.vcf.gz	part-000001.parquet	100000	1524891	0062c3186a7468e0c125c115d8332caa9a962bd37eaf3ad44e8636b5c473e456
release/4.1/genome_sv/gnomad.v4.1.sv.sites.vcf.gz	part-000002.parquet	100000	1494820	df5810a8ce1883d206c227238c1d326ddb230ba94c2e2264300fa566a54bde57
release/4.1/genome_sv/gnomad.v4.1.sv.sites.vcf.gz	part-000003.parquet	100000	1521456	5349591e497a2c60b1de09e4653c68197e4546e7e338e49d7214a8266625d342
release/4.1/genome_sv/gnomad.v4.1.sv.sites.vcf.gz	part-000004.parquet	100000	1494961	4c93a6ac6f47b51ae5398a38416fcce5445a94052a90118aa48d05ff34fa1146
release/4.1/genome_sv/gnomad.v4.1.sv.sites.vcf.gz	part-000005.parquet	100000	1468976	8cf965cd2f9b2c632b02d3798d1aa1808fba3254f18ecd1e2549d4b689236f3d
release/4.1/genome_sv/gnomad.v4.1.sv.sites.vcf.gz	part-000006.parquet	100000	1515356	7add8f762a57279affbbf7cdfbf7f693796da4cd4f176f5928d53b66eb72cb2a
release/4.1/genome_sv/gnomad.v4.1.sv.sites.vcf.gz	part-000007.parquet	100000	1514212	30e31092242ce6a80f699e7e924b1be46ab7fcb0b25ffa771dfb6825c33130c7
release/4.1/genome_sv/gnomad.v4.1.sv.sites.vcf.gz	part-000008.parquet	100000	1526425	26d66e6e96f7b90ad922e3c06978228e4aaeb73f5603b9b2dbd6fbf1b92ef780
release/4.1/genome_sv/gnomad.v4.1.sv.sites.vcf.gz	part-000009.parquet	100000	1511209	c7e2c5e5885274e7b097ccaf3f519a20e229c61159cb0abdf76354b265d871a2
release/4.1/genome_sv/gnomad.v4.1.sv.sites.vcf.gz	part-000010.parquet	100000	1532612	ffafb51340676a3e7bd382d1d5de5df209ee74a7cca70f2f260f90e09a67b9f0
release/4.1/genome_sv/gnomad.v4.1.sv.sites.vcf.gz	part-000011.parquet	100000	1514269	d4024f05d80ed939bf66a20c6c1ae5f2d9e68c6b7c18787a04df6eb0dbd83fa9
release/4.1/genome_sv/gnomad.v4.1.sv.sites.vcf.gz	part-000012.parquet	100000	1525451	a266fdbd76be4e77251d5cdada30e6736f3bb57df8be9a2de62ad48e13f26b4d
release/4.1/genome_sv/gnomad.v4.1.sv.sites.vcf.gz	part-000013.parquet	100000	1506556	e81746bfc48009ad1e9630dbf5b8fd4ff70bf960cabb8b4fcaed0d3f2ffeff49
release/4.1/genome_sv/gnomad.v4.1.sv.sites.vcf.gz	part-000014.parquet	100000	1515102	3a5a546dbff479d65cd04213614d2438984b09ce90680f7b456ac36978d13783
release/4.1/genome_sv/gnomad.v4.1.sv.sites.vcf.gz	part-000015.parquet	100000	1518065	00297b73bfe75162a85d6b71d7256abab09b937a994170e57232231811b8c634
release/4.1/genome_sv/gnomad.v4.1.sv.sites.vcf.gz	part-000016.parquet	100000	1537156	b3913f3032869af71d8f22defb1c881832c186c44e63a34f12a74ef84fb8f6af
release/4.1/genome_sv/gnomad.v4.1.sv.sites.vcf.gz	part-000017.parquet	100000	1553049	8c43ba629ee1a57d19b29faf2809716a7ea59df04ce45920a8e0a1c0d640d6d9
release/4.1/genome_sv/gnomad.v4.1.sv.sites.vcf.gz	part-000018.parquet	100000	1535694	5033027e76fe62a2def554573be1c86a71f66747675c1b72ee408e29423b7c46
release/4.1/genome_sv/gnomad.v4.1.sv.sites.vcf.gz	part-000019.parquet	100000	1521360	ab9e0569432dcfbb8ff4e0a7c8e5ed51e3050af34331fc6a4141801e1e0a85c7
release/4.1/genome_sv/gnomad.v4.1.sv.sites.vcf.gz	part-000020.parquet	100000	1533961	ec9de441abc540c47eb25e358b69aefe443892aad341285585339deba2a7c974
release/4.1/genome_sv/gnomad.v4.1.sv.sites.vcf.gz	part-000021.parquet	100000	1557730	5e444d478de2166f7283fd65dabc7e18c8cc856992f2f374ecf206667902f652
release/4.1/genome_sv/gnomad.v4.1.sv.sites.vcf.gz	part-000022.parquet	54486	837695	83dfba16fb25e28538cf708a4bfaaf4d807d3b8c6e8c04505ce1f511eb1b3ac9
release/4.1/vcf/exomes/gnomad.exomes.v4.1.sites.chr22.vcf.bgz	part-000001.parquet	100000	569049	1fbf794c710e8ccf33e1a4371bbc99e77f07ed5210244906dba6350b1fc89c62
release/4.1/vcf/exomes/gnomad.exomes.v4.1.sites.chr22.vcf.bgz	part-000002.parquet	100000	506650	011874687a7f73be7b65af85b15ff7746404a15c88710d5bbec1fc346e14098d
release/4.1/vcf/exomes/gnomad.exomes.v4.1.sites.chr22.vcf.bgz	part-000003.parquet	100000	517949	e33e724c9560c27acfbdc49865ce001ac0259db9d1ec28d6723bc9169c1de7af
release/4.1/vcf/exomes/gnomad.exomes.v4.1.sites.chr22.vcf.bgz	part-000004.parquet	100000	518400	7bba1959f825bb6ddf3e3891a4166444832aa39af036bbf98cfaa246fb2e94bf
release/4.1/vcf/exomes/gnomad.exomes.v4.1.sites.chr22.vcf.bgz	part-000005.parquet	100000	507820	bed6984f5b9cac78b345c8746b1a48f97974612eb7025ad10253b5b8ac7bdb64
release/4.1/vcf/exomes/gnomad.exomes.v4.1.sites.chr22.vcf.bgz	part-000006.parquet	100000	508154	f534de9c988f8d18d782ee8169b14d03e3cdf23799ab1ce16903b82472242e5a
release/4.1/vcf/exomes/gnomad.exomes.v4.1.sites.chr22.vcf.bgz	part-000007.parquet	100000	527758	50a3c561437c6069cdf6ba6855df6dfb19a30b83aa4400ca875adff1737e0464
release/4.1/vcf/exomes/gnomad.exomes.v4.1.sites.chr22.vcf.bgz	part-000008.parquet	100000	504797	cce6978ba529687a3843bb68c39594627eea2616461c31d6ce242c5c6e5012a3
release/4.1/vcf/exomes/gnomad.exomes.v4.1.sites.chr22.vcf.bgz	part-000009.parquet	100000	530583	ddc80ebf252f0d734c017cb01ffc78c10011ae161e0713a7e79c0653087f765d
release/4.1/vcf/exomes/gnomad.exomes.v4.1.sites.chr22.vcf.bgz	part-000010.parquet	100000	516198	96bb2db1e59e23bcfa716475b81654c66371099d1108c1d0ca6fc5743a9c8062
release/4.1/vcf/exomes/gnomad.exomes.v4.1.sites.chr22.vcf.bgz	part-000011.parquet	100000	496729	f1aff61c6ea706ff4d2a35c8d574f84fce3a6917c0ae25b110685e9617c2b91e
release/4.1/vcf/exomes/gnomad.exomes.v4.1.sites.chr22.vcf.bgz	part-000012.parquet	100000	540948	0e656b45c26ee22757864f3347d122a54c5bd884661e0a29f652fb54a4a7de7e
release/4.1/vcf/exomes/gnomad.exomes.v4.1.sites.chr22.vcf.bgz	part-000013.parquet	100000	500685	f0d0d74252b75e8c17c5928f5ddee3db16c9bb9165ae9aafbb01225e5a1db2c4
release/4.1/vcf/exomes/gnomad.exomes.v4.1.sites.chr22.vcf.bgz	part-000014.parquet	100000	504115	d823dd1c266674d0904da519e45e7bd7397c30578647c188b4f3a110e1bf74f7
release/4.1/vcf/exomes/gnomad.exomes.v4.1.sites.chr22.vcf.bgz	part-000015.parquet	100000	530616	f8646008e043cce6701f49d49e07787161c7f1c4f9b7a47a17afd3d29578901d
release/4.1/vcf/exomes/gnomad.exomes.v4.1.sites.chr22.vcf.bgz	part-000016.parquet	100000	516832	27815faab49c1482a86c12a32ff67b879e1968e70275a78b335d2906063958f0
release/4.1/vcf/exomes/gnomad.exomes.v4.1.sites.chr22.vcf.bgz	part-000017.parquet	100000	514833	5c8e469d0d5f808dbe0ad2d6cc76563f7a9482b7230cc6e7564b9cd3e6f150ce
release/4.1/vcf/exomes/gnomad.exomes.v4.1.sites.chr22.vcf.bgz	part-000018.parquet	100000	511996	9b26c3c6f86223ec0d78d6c41447be1e306272f5409e2bd4673ece28710bfe89
release/4.1/vcf/exomes/gnomad.exomes.v4.1.sites.chr22.vcf.bgz	part-000019.parquet	100000	524952	dad634fe66290744aaf2779446cef836cb60fdaf40c7270cf79f7defcbfb22eb
release/4.1/vcf/exomes/gnomad.exomes.v4.1.sites.chr22.vcf.bgz	part-000020.parquet	100000	524753	71291311adb8af1879d97c04ef0e5ca13a173562dc10a494fde885a0c74c530c
release/4.1/vcf/exomes/gnomad.exomes.v4.1.sites.chr22.vcf.bgz	part-000021.parquet	100000	497136	e29087b22bce7761a954cdc4916d75c2ca1bc15cfa031f891179519ed8a72b7d
release/4.1/vcf/exomes/gnomad.exomes.v4.1.sites.chr22.vcf.bgz	part-000022.parquet	100000	512429	0de25034a3f06c6ef443a824d2f0a38c67f2446c37c515c5a6e7e2e46e98e44c
release/4.1/vcf/exomes/gnomad.exomes.v4.1.sites.chr22.vcf.bgz	part-000023.parquet	100000	511612	14623c4952bc6450c103079408535ed7ba48bcfec0f0a7891eae3c58e9e40bd5
release/4.1/vcf/exomes/gnomad.exomes.v4.1.sites.chr22.vcf.bgz	part-000024.parquet	100000	532052	9c2f42d1c94121b04a14294c42b4838c466116d7e357939313b105ba3d6bf58c
release/4.1/vcf/exomes/gnomad.exomes.v4.1.sites.chr22.vcf.bgz	part-000025.parquet	100000	521089	37042b0df940fc8f167e44cb5179953e1a7dc23f3405c9e2be5110e304f3607a
release/4.1/vcf/exomes/gnomad.exomes.v4.1.sites.chr22.vcf.bgz	part-000026.parquet	100000	502735	03897a17dd3acefc1696d10e83e51edbd53e3f58dc180648cd8982f65fe838a4
release/4.1/vcf/exomes/gnomad.exomes.v4.1.sites.chr22.vcf.bgz	part-000027.parquet	100000	515434	7bc79c0f363322be8e6dcb0f445f62eb3adbdf9d0092f1925b3b7f4880e27c11
release/4.1/vcf/exomes/gnomad.exomes.v4.1.sites.chr22.vcf.bgz	part-000028.parquet	100000	514673	e756672ae2faa16e5236caaac0d8bd90cbf6597f2a9b3f33e65321ce2bfa5dc1
release/4.1/vcf/exomes/gnomad.exomes.v4.1.sites.chr22.vcf.bgz	part-000029.parquet	100000	507808	10776daca7af64a4799ecf6a0abb7fede20aa5a7e99e4eb5277e183fb780c98f
release/4.1/vcf/exomes/gnomad.exomes.v4.1.sites.chr22.vcf.bgz	part-000030.parquet	100000	515459	29f8f803cfaf77f29233439a4a525085ef856db66e85fc574c1614c97348d95f
release/4.1/vcf/exomes/gnomad.exomes.v4.1.sites.chr22.vcf.bgz	part-000031.parquet	100000	501417	569b2c75efbd430bc051dbbf5f5872db227ece3c00709010dee6bdd34544529f
release/4.1/vcf/exomes/gnomad.exomes.v4.1.sites.chr22.vcf.bgz	part-000032.parquet	100000	514065	78f995956524d4f206890cda7f521a1d46d3c78ff1cb1ccc356921c42d47dbf9
release/4.1/vcf/exomes/gnomad.exomes.v4.1.sites.chr22.vcf.bgz	part-000033.parquet	100000	507455	226b8db99055e9b91097c9b6a9a7a8a1610346d452fc4d1ddb249bcb04261eb0
release/4.1/vcf/exomes/gnomad.exomes.v4.1.sites.chr22.vcf.bgz	part-000034.parquet	100000	513565	215b261365d8b9e8ab041125aa21e58f8fbe37c1627559e52b545cb4e7bd9ef7
release/4.1/vcf/exomes/gnomad.exomes.v4.1.sites.chr22.vcf.bgz	part-000035.parquet	100000	509330	4a86a88ea5f756af0ae91a36ad3a79f6b0a4fcf6c125992697d0672ca9d3d8c4
release/4.1/vcf/exomes/gnomad.exomes.v4.1.sites.chr22.vcf.bgz	part-000036.parquet	100000	539831	c1d6385d63548032d9b0d33df6ea18f44a4db28bbc9ab46f25ae06dc33b054c1
release/4.1/vcf/exomes/gnomad.exomes.v4.1.sites.chr22.vcf.bgz	part-000037.parquet	100000	514218	e99c9b9c36e829918f47aa54e11b467df7fd3e8feff01f43af03d2f296a1c76b
release/4.1/vcf/exomes/gnomad.exomes.v4.1.sites.chr22.vcf.bgz	part-000038.parquet	100000	510051	058ae597adc8013c63b5259f2458eba08522efb2dc1220225de965ededc39629
release/4.1/vcf/exomes/gnomad.exomes.v4.1.sites.chr22.vcf.bgz	part-000039.parquet	100000	522570	4ab81a002644abb72d547601feb7290db8b38743e92374f1ae6d3a03fefea265
release/4.1/vcf/exomes/gnomad.exomes.v4.1.sites.chr22.vcf.bgz	part-000040.parquet	100000	517964	6366ef1c2f5dde1da4b1820116c60a268b6a7ed9218a3a4587fdc799eef0cc53
release/4.1/vcf/exomes/gnomad.exomes.v4.1.sites.chr22.vcf.bgz	part-000041.parquet	100000	497234	c50a1c666c6de1765bbe39814b9a1d3152444ab27db22297e76f904b550ee7fd
release/4.1/vcf/exomes/gnomad.exomes.v4.1.sites.chr22.vcf.bgz	part-000042.parquet	100000	525105	7873623cdd7e84a48382b5c5e3bf94edb13d016db5ce2fc59b9f4b895ca7bc74
release/4.1/vcf/exomes/gnomad.exomes.v4.1.sites.chr22.vcf.bgz	part-000043.parquet	100000	509965	51b79f174ba543dc1fb085121de0c115c91ffe30e95229bfabcc499a2780bd3e
release/4.1/vcf/exomes/gnomad.exomes.v4.1.sites.chr22.vcf.bgz	part-000044.parquet	100000	545701	9db60444ae0669baf8b77c577deb6ca0649e2b230d6b3bef5497829c0c1178d4
release/4.1/vcf/exomes/gnomad.exomes.v4.1.sites.chr22.vcf.bgz	part-000045.parquet	100000	512484	5655c9e8a3bfaa47cc83d665e5b39303a08648e5dacd57dac0f4925469d0be08
release/4.1/vcf/exomes/gnomad.exomes.v4.1.sites.chr22.vcf.bgz	part-000046.parquet	100000	533556	a781b22397a5ad2a2a4faa8fe3d07bfa6bfd66a0241694a606867d98dd40f57b
release/4.1/vcf/exomes/gnomad.exomes.v4.1.sites.chr22.vcf.bgz	part-000047.parquet	100000	563741	93ceeacde934ba4d262ccfd4a167ee9715d7eda02293913bd97a8ed071f90149
release/4.1/vcf/exomes/gnomad.exomes.v4.1.sites.chr22.vcf.bgz	part-000048.parquet	100000	551185	56315e3e282df607ac7588de411772b62b22b92128e403196068b32fca0dd559
release/4.1/vcf/exomes/gnomad.exomes.v4.1.sites.chr22.vcf.bgz	part-000049.parquet	45199	236416	a59482a5332a88884e8f904fff1232171bf2449c32511857ede4be54867f5df9
release/4.1/vcf/exomes/gnomad.exomes.v4.1.sites.chrY.vcf.bgz	part-000001.parquet	100000	558653	9de8637136729ab5ad2565457139b84752f14bb6f753a9cbc3bc68568dc03f34
release/4.1/vcf/exomes/gnomad.exomes.v4.1.sites.chrY.vcf.bgz	part-000002.parquet	40758	193072	402a99fa98bfdf9c685a608abbb38f38debf99d4a76f2140a97b4b543b2606de
release/4.1/vcf/genomes/gnomad.genomes.v4.1.sites.chr22.vcf.bgz	part-000001.parquet	100000	784049	eed6ab139ea6c4fde5149dc85fa81594dd1d307bb0e9bc56f3aed3eafd4f8d66
release/4.1/vcf/genomes/gnomad.genomes.v4.1.sites.chr22.vcf.bgz	part-000002.parquet	100000	636912	f6b781aa83b621fa3ec7ea2f1fc3191181b5bf273192ed2a81e2b8dfd321c845
release/4.1/vcf/genomes/gnomad.genomes.v4.1.sites.chr22.vcf.bgz	part-000003.parquet	100000	659263	15043021bb850e6ca577fc6d11d3183a6c3481edb79d44887f269989f0f25a39
release/4.1/vcf/genomes/gnomad.genomes.v4.1.sites.chr22.vcf.bgz	part-000004.parquet	100000	730309	17ce6f3dfba11599098f3483769d1226e7a338af6c8472a72eee3d2141280285
release/4.1/vcf/genomes/gnomad.genomes.v4.1.sites.chr22.vcf.bgz	part-000005.parquet	100000	728570	6489067c073fd0bf158ff370d667ed03e3a0e7b02bb3a339c8403248a8647a31
release/4.1/vcf/genomes/gnomad.genomes.v4.1.sites.chr22.vcf.bgz	part-000006.parquet	100000	701796	e5161361421a0c1be99386b57036f950b3134978efb681135c6bb55a042cd0d3
release/4.1/vcf/genomes/gnomad.genomes.v4.1.sites.chr22.vcf.bgz	part-000007.parquet	100000	721600	15398ffc735bd6e6dc390012caab2570468d3a5b9ca063035f1eb581077438d2
release/4.1/vcf/genomes/gnomad.genomes.v4.1.sites.chr22.vcf.bgz	part-000008.parquet	100000	698763	f97bbdfec552c77146742f0c1d053acdc0e9135b362dc24bdef72b4d7e276e70
release/4.1/vcf/genomes/gnomad.genomes.v4.1.sites.chr22.vcf.bgz	part-000009.parquet	100000	690571	e2872cbbaf890af4c57114fd4feefaac032ccf2b3f64fac09348069461d03f9a
release/4.1/vcf/genomes/gnomad.genomes.v4.1.sites.chr22.vcf.bgz	part-000010.parquet	100000	699392	d3dbdfd9c81a86d93af176a49114f0cc82da2bc547584a63c1ecb53eeee7af6c
release/4.1/vcf/genomes/gnomad.genomes.v4.1.sites.chr22.vcf.bgz	part-000011.parquet	100000	735079	c047ca7ba86b5b34601ad4eb1db2f3972635ec30683c5110c86b929db82235e0
release/4.1/vcf/genomes/gnomad.genomes.v4.1.sites.chr22.vcf.bgz	part-000012.parquet	100000	669405	ea959f3c9c4b038e48dc182a6a0c78452f37296aff5c0010ba0e9d5939bd27e0
release/4.1/vcf/genomes/gnomad.genomes.v4.1.sites.chr22.vcf.bgz	part-000013.parquet	100000	784321	8638d02f79b51697412ae600acaafa013efbd6731e036ec2829ec3e14302ac76
release/4.1/vcf/genomes/gnomad.genomes.v4.1.sites.chr22.vcf.bgz	part-000014.parquet	100000	766151	e90bd4412131e0f9f1b94df96c4144cbcc01bf37fd835b19be6f25fb7f57901a
release/4.1/vcf/genomes/gnomad.genomes.v4.1.sites.chr22.vcf.bgz	part-000015.parquet	100000	752802	6ed89374981e1e219693c9d007460ffb45d8d7a3b2dec679dca5ba5a8a296dda
release/4.1/vcf/genomes/gnomad.genomes.v4.1.sites.chr22.vcf.bgz	part-000016.parquet	100000	715030	a5f577ec9d2a25df88eb52a94a55413c12aebd265fc0633bcff71f6ae0647873
release/4.1/vcf/genomes/gnomad.genomes.v4.1.sites.chr22.vcf.bgz	part-000017.parquet	100000	789140	e427ed2aaafc831704de4678e9183ab082eecb3d8e2d7298d0dd9032dd5797c5
release/4.1/vcf/genomes/gnomad.genomes.v4.1.sites.chr22.vcf.bgz	part-000018.parquet	100000	759532	10a99112edf7df51ac07a1ae0635ee18ebd65fc629f3c41da75f90db2348f23e
release/4.1/vcf/genomes/gnomad.genomes.v4.1.sites.chr22.vcf.bgz	part-000019.parquet	100000	822447	fe07576fdfa41560da3429e007bc5ee0cc271019ea812165fdebc1c4bb5e85d6
release/4.1/vcf/genomes/gnomad.genomes.v4.1.sites.chr22.vcf.bgz	part-000020.parquet	100000	837491	e0effd244cb26464bb95c7991717c12a1fcb1b6a62f12d8b6e2235a9320037e6
release/4.1/vcf/genomes/gnomad.genomes.v4.1.sites.chr22.vcf.bgz	part-000021.parquet	100000	822752	4a41ad933f63028e68682ef47130354b307b837360169416a2839c77994377c7
release/4.1/vcf/genomes/gnomad.genomes.v4.1.sites.chr22.vcf.bgz	part-000022.parquet	100000	823015	4ccfdefc66275e159e35dc23ec90d5619604a99fc8e54161419cc66bb73b1b34
release/4.1/vcf/genomes/gnomad.genomes.v4.1.sites.chr22.vcf.bgz	part-000023.parquet	100000	854990	78f9947cc538cf8b37640820af0896861a7f255eabef71744e99a7d00aa3e42f
release/4.1/vcf/genomes/gnomad.genomes.v4.1.sites.chr22.vcf.bgz	part-000024.parquet	100000	775696	3318209853b7a634efc763374cde23dee8debc6293848b80ed26b3d68e5614ae
release/4.1/vcf/genomes/gnomad.genomes.v4.1.sites.chr22.vcf.bgz	part-000025.parquet	100000	778981	a1e0ee153d59fd107b58076942d196812c75229994bcf9bea914fa0aaf8adb91
release/4.1/vcf/genomes/gnomad.genomes.v4.1.sites.chr22.vcf.bgz	part-000026.parquet	100000	839436	7b48b5af0d2eb26280f23a0bd0129ba6e90488351614de4b12dbc351179d14be
release/4.1/vcf/genomes/gnomad.genomes.v4.1.sites.chr22.vcf.bgz	part-000027.parquet	100000	840912	a6c3312752f493e76ef10b1af2ff235ca74c1f621b9b92538a1b7eb755b2e267
release/4.1/vcf/genomes/gnomad.genomes.v4.1.sites.chr22.vcf.bgz	part-000028.parquet	100000	843287	82938940f263e04e0283d2c28ab59728afbdc3aad457ed06adac5709704c9078
release/4.1/vcf/genomes/gnomad.genomes.v4.1.sites.chr22.vcf.bgz	part-000029.parquet	100000	869016	c46a6e34b26a5c4d9c0c8ff3cfc981809ac42d1c2e6872f922adb2769194f8fa
release/4.1/vcf/genomes/gnomad.genomes.v4.1.sites.chr22.vcf.bgz	part-000030.parquet	100000	841173	3dc51ec62b679cacec018c27a93882843da2e91ad3a912e4b3d6abdc42f17ecf
release/4.1/vcf/genomes/gnomad.genomes.v4.1.sites.chr22.vcf.bgz	part-000031.parquet	100000	844169	a8b18c52627ca95afe766c7f71358042522b42710d95bcf8d8c18d6076bc1a03
release/4.1/vcf/genomes/gnomad.genomes.v4.1.sites.chr22.vcf.bgz	part-000032.parquet	100000	730683	6f4531c68f386fbae1d600f4314bf1c4b07469852ad142d5ec2c5b445c322f05
release/4.1/vcf/genomes/gnomad.genomes.v4.1.sites.chr22.vcf.bgz	part-000033.parquet	100000	791648	2f91e9d0caf226cb9e9f5c2ec4245f7ea7cbee3eb759142bbe503920bbc2d470
release/4.1/vcf/genomes/gnomad.genomes.v4.1.sites.chr22.vcf.bgz	part-000034.parquet	100000	839686	e03065c8edd2c43d7d986e6fa671c0f09109409e3c4264fee95c0fd840de3935
release/4.1/vcf/genomes/gnomad.genomes.v4.1.sites.chr22.vcf.bgz	part-000035.parquet	100000	839935	278e294713181644f36306a212dc29f9be7048c928b43a561b8e5f713249dab8
release/4.1/vcf/genomes/gnomad.genomes.v4.1.sites.chr22.vcf.bgz	part-000036.parquet	100000	832186	b9beb13de2edf278f7329faa22877a43e84fc7aaf53e5086da26d9fe3279ee6f
release/4.1/vcf/genomes/gnomad.genomes.v4.1.sites.chr22.vcf.bgz	part-000037.parquet	100000	804284	18f58597c3cf814689b1fa51598d9a42596505e43a17f9d8a82f45c53d4e0efe
release/4.1/vcf/genomes/gnomad.genomes.v4.1.sites.chr22.vcf.bgz	part-000038.parquet	100000	848516	88bdd0dc204e777530c08e96f9004032f319d1b66fab45556bcd9725ad63b6ce
release/4.1/vcf/genomes/gnomad.genomes.v4.1.sites.chr22.vcf.bgz	part-000039.parquet	100000	837426	5e8887ae82bba87e64446c0a4182bb97614686a636b94212e675ef517c1b820a
release/4.1/vcf/genomes/gnomad.genomes.v4.1.sites.chr22.vcf.bgz	part-000040.parquet	100000	816197	b176e7b57b873fbd4310dc52d626a4c5ba19183d039fdfed3fbdff84536b7cf4
release/4.1/vcf/genomes/gnomad.genomes.v4.1.sites.chr22.vcf.bgz	part-000041.parquet	100000	852178	4fbeea125bc098d002575a7631aee284eeb580f3f922ab971a1dea8aeee86263
release/4.1/vcf/genomes/gnomad.genomes.v4.1.sites.chr22.vcf.bgz	part-000042.parquet	100000	833418	5db6783894e44d84cdd507f83f58de6e4a6876cfe5cdfa300416342b9a65f3a2
release/4.1/vcf/genomes/gnomad.genomes.v4.1.sites.chr22.vcf.bgz	part-000043.parquet	100000	832506	d684b402ad0b42556e459cb61f1e13b45f9fd4c2b82eefc019ce57ba8e6d4cb8
release/4.1/vcf/genomes/gnomad.genomes.v4.1.sites.chr22.vcf.bgz	part-000044.parquet	100000	810828	a21b5cf1b8089cc86ea05306c52c48b0f01ac88508d5d63779c2bb04faae58fa
release/4.1/vcf/genomes/gnomad.genomes.v4.1.sites.chr22.vcf.bgz	part-000045.parquet	100000	846638	908980e3044bdc142230380ac75bd514ba7a1492c074a78714fd869605e35726
release/4.1/vcf/genomes/gnomad.genomes.v4.1.sites.chr22.vcf.bgz	part-000046.parquet	100000	852604	080fa81191cac357b41ab2006584dcdfc0b6dfb9dceac494ca24ccca81cc1348
release/4.1/vcf/genomes/gnomad.genomes.v4.1.sites.chr22.vcf.bgz	part-000047.parquet	100000	851279	49ee8b96dabd468a3117ba388e6d45153591390adf42ed43a45b6fe15ae0dd1a
release/4.1/vcf/genomes/gnomad.genomes.v4.1.sites.chr22.vcf.bgz	part-000048.parquet	100000	857802	a7ce99e574113fadef8d701cf15795e3bef4fec50c535aa93bcf976adf0b0f3d
release/4.1/vcf/genomes/gnomad.genomes.v4.1.sites.chr22.vcf.bgz	part-000049.parquet	100000	854660	dea29b47d255ee2ed384314ba7d6007b4c2dbb9a53fb96dac32c4d9f1be74215
release/4.1/vcf/genomes/gnomad.genomes.v4.1.sites.chr22.vcf.bgz	part-000050.parquet	100000	847726	b44b02f259ad5f4da7b2a0ca1c088969158a33ffd378ee65ed3dd7973f7b35f8
release/4.1/vcf/genomes/gnomad.genomes.v4.1.sites.chr22.vcf.bgz	part-000051.parquet	100000	848274	76a9ee24d8eac9cf3e15a2d885b517d9b7087fb5c6b802816db0e3a36b6548c4
release/4.1/vcf/genomes/gnomad.genomes.v4.1.sites.chr22.vcf.bgz	part-000052.parquet	100000	853422	698cce9dbe6bfdb8f8ea8c2a8d970f26731c80dbf88de70a4e47ca7bf0d61497
release/4.1/vcf/genomes/gnomad.genomes.v4.1.sites.chr22.vcf.bgz	part-000053.parquet	100000	829289	2ea53e4aed550c5c13e7485fa9336ce9d72066ffedbccb9565035af87d4bd959
release/4.1/vcf/genomes/gnomad.genomes.v4.1.sites.chr22.vcf.bgz	part-000054.parquet	100000	839752	a815d949bd05a80a2879d1fc152e57a1871206966d8d87ff700b63014a7173ef
release/4.1/vcf/genomes/gnomad.genomes.v4.1.sites.chr22.vcf.bgz	part-000055.parquet	100000	835224	b9766e85d81f1188c59c5408fe8b06f0f62e06ba42697d7b3e973a2b532e65e2
release/4.1/vcf/genomes/gnomad.genomes.v4.1.sites.chr22.vcf.bgz	part-000056.parquet	100000	844042	a16bbcb59339494da13e8905eef81cd0797028d338017e74ebfe79d4020426ea
release/4.1/vcf/genomes/gnomad.genomes.v4.1.sites.chr22.vcf.bgz	part-000057.parquet	100000	845570	9dcc6e4857423326443d1bec904944873b8a4778b23a7ee419cda4b300d65814
release/4.1/vcf/genomes/gnomad.genomes.v4.1.sites.chr22.vcf.bgz	part-000058.parquet	100000	836720	a4b39ca8e6b88ffca79f6ff9611d66c964a1ec4a896140bcafc17703a0e4fc2a
release/4.1/vcf/genomes/gnomad.genomes.v4.1.sites.chr22.vcf.bgz	part-000059.parquet	100000	836258	6c22ced5992572318f1275169c26c0e5384861ce21b34a6aa0fb8a7976e671a9
release/4.1/vcf/genomes/gnomad.genomes.v4.1.sites.chr22.vcf.bgz	part-000060.parquet	100000	820179	1c4e43e25ac45c5d7df89205ad0b789282a535413ddc53e836c60a05e135e4b2
release/4.1/vcf/genomes/gnomad.genomes.v4.1.sites.chr22.vcf.bgz	part-000061.parquet	100000	826523	6d6be3bd42fc35eddbe88eae0976029ff2d33aa7ed0920d09ddecd6487a42549
release/4.1/vcf/genomes/gnomad.genomes.v4.1.sites.chr22.vcf.bgz	part-000062.parquet	100000	852314	d38a16c0bf53286379de549dca29cd07934aa21962e762b4882bedb7aa50ad90
release/4.1/vcf/genomes/gnomad.genomes.v4.1.sites.chr22.vcf.bgz	part-000063.parquet	100000	864048	332ff80cc0c5cd49ad66db110988ca95c179a76f6c9a6255ab0af1cb6ca30e28
release/4.1/vcf/genomes/gnomad.genomes.v4.1.sites.chr22.vcf.bgz	part-000064.parquet	100000	859344	010b3e684b0af2b7c2c3a71866921c0f58eb9b045c498ffd845c352a5d414824
release/4.1/vcf/genomes/gnomad.genomes.v4.1.sites.chr22.vcf.bgz	part-000065.parquet	100000	851123	ff109188722c664d84a98da4dd8547e6912f8c7df5c573a7eb465ca0af8f3d76
release/4.1/vcf/genomes/gnomad.genomes.v4.1.sites.chr22.vcf.bgz	part-000066.parquet	100000	847807	14ebeb684f1f0a660b6662abbc9f4cef32aed793b31c684d7069179fa0c89d49
release/4.1/vcf/genomes/gnomad.genomes.v4.1.sites.chr22.vcf.bgz	part-000067.parquet	100000	843910	e5f831858036fb006e1ca2ff1193ce8f0b4c5cd4edf2dd61ff5d364ca617ec65
release/4.1/vcf/genomes/gnomad.genomes.v4.1.sites.chr22.vcf.bgz	part-000068.parquet	100000	859678	0c8b61eafb41973a17a4dd3e3b87133f8d09e891c6b1419621b641f7bcbf2901
release/4.1/vcf/genomes/gnomad.genomes.v4.1.sites.chr22.vcf.bgz	part-000069.parquet	100000	839353	88905df1918f0ac2cce6f851e43dc13a9d384adb5a1f2a443f886db7a7a56528
release/4.1/vcf/genomes/gnomad.genomes.v4.1.sites.chr22.vcf.bgz	part-000070.parquet	100000	849979	60e2d0b9ffaf90ceb32af996c85f6c51f2622abc38b4d806dceb5cdea74a8efd
release/4.1/vcf/genomes/gnomad.genomes.v4.1.sites.chr22.vcf.bgz	part-000071.parquet	100000	860362	54a3c5890707d82116c55e23a3d831d70ee8241aab8d68da37d6bb4e73fb078b
release/4.1/vcf/genomes/gnomad.genomes.v4.1.sites.chr22.vcf.bgz	part-000072.parquet	100000	854278	1de73339b93ba16252d5076a0d14f8d6b7161e3b333f047f5513746f0472f428
release/4.1/vcf/genomes/gnomad.genomes.v4.1.sites.chr22.vcf.bgz	part-000073.parquet	100000	845055	be957a3cfaeff728416e735308ed67ea17f6e024b8e9a23747ffc312e3aafb3b
release/4.1/vcf/genomes/gnomad.genomes.v4.1.sites.chr22.vcf.bgz	part-000074.parquet	100000	836967	c3620972ef919aeb2962dc168ac43036de1d0ffbbd352e452340eefe39fd36fd
release/4.1/vcf/genomes/gnomad.genomes.v4.1.sites.chr22.vcf.bgz	part-000075.parquet	100000	859371	560311d9971af2594db593811263c2b37fd200c4f24c54161b08464a2e1f8c8e
release/4.1/vcf/genomes/gnomad.genomes.v4.1.sites.chr22.vcf.bgz	part-000076.parquet	100000	851109	4c34d0bb60b3567b121dac216b26ee3daa81f783f0aa276b43e5635aff0b7fb7
release/4.1/vcf/genomes/gnomad.genomes.v4.1.sites.chr22.vcf.bgz	part-000077.parquet	100000	831760	d1960117d31b0c7891ff77a8a8ad8bdf6bd65a3e24853d03476ecd4fff3a8f43
release/4.1/vcf/genomes/gnomad.genomes.v4.1.sites.chr22.vcf.bgz	part-000078.parquet	100000	837078	6706ce0f20cd7b829144a6aef4462bf2e3b43185ed020eece6afd14f747ce8d3
release/4.1/vcf/genomes/gnomad.genomes.v4.1.sites.chr22.vcf.bgz	part-000079.parquet	100000	837434	23303c0a8320d9182b06bdbec585c3a169069eaa1fe8d7e873c32c0d07e01c6e
release/4.1/vcf/genomes/gnomad.genomes.v4.1.sites.chr22.vcf.bgz	part-000080.parquet	100000	838730	a14b09001dadb6e213eac43303feecb5af8b29aeb09d9ee3534d5956f9303643
release/4.1/vcf/genomes/gnomad.genomes.v4.1.sites.chr22.vcf.bgz	part-000081.parquet	100000	827360	95f2ec4a64d82cb7ff3e1f6ebcf64d67aad5445894a7752bf27480209ce9efcd
release/4.1/vcf/genomes/gnomad.genomes.v4.1.sites.chr22.vcf.bgz	part-000082.parquet	100000	840055	a5d6abe5ecb54a9bbad5bbe42cab53836255528b05d10c259f7015153e19a4c7
release/4.1/vcf/genomes/gnomad.genomes.v4.1.sites.chr22.vcf.bgz	part-000083.parquet	100000	855161	274c1a2e0173553b76fd80790aa33461e442b9f28533330b5514605a9fc3a261
release/4.1/vcf/genomes/gnomad.genomes.v4.1.sites.chr22.vcf.bgz	part-000084.parquet	100000	834499	968812a024d2821290031ab0d927059dffbd80a77027fc94e3668ac5414a516b
release/4.1/vcf/genomes/gnomad.genomes.v4.1.sites.chr22.vcf.bgz	part-000085.parquet	100000	828450	ec339d342b70b3a8a7a16080bc8511618e50fa8949f3b2de9482584cdb05e123
release/4.1/vcf/genomes/gnomad.genomes.v4.1.sites.chr22.vcf.bgz	part-000086.parquet	100000	816539	b1098352e4261db4cc12204d88f393d5273ead443f569c86918c7d105358c1d7
release/4.1/vcf/genomes/gnomad.genomes.v4.1.sites.chr22.vcf.bgz	part-000087.parquet	100000	823304	db28ebdb40d149cf34bd443ddaa1905752aa26c01feca006f2aaed599f8a8a88
release/4.1/vcf/genomes/gnomad.genomes.v4.1.sites.chr22.vcf.bgz	part-000088.parquet	100000	825206	7f6816367e590221044b32e526a34b05d2d3d56229b8d03415ecc45ec1c8ee53
release/4.1/vcf/genomes/gnomad.genomes.v4.1.sites.chr22.vcf.bgz	part-000089.parquet	100000	843937	2538478b77110b4259c8a54c6bf25dc190a53bdc3c960fd176dccf71f7075bd9
release/4.1/vcf/genomes/gnomad.genomes.v4.1.sites.chr22.vcf.bgz	part-000090.parquet	100000	839876	18e8bd24f05cab617e438b9e5f9171c826b24f80a184d7db7650e920ee694ceb
release/4.1/vcf/genomes/gnomad.genomes.v4.1.sites.chr22.vcf.bgz	part-000091.parquet	100000	823682	547bf2f0824eb4e0e4b90366083818f19a07a23b638369b861b18e175cc97d28
release/4.1/vcf/genomes/gnomad.genomes.v4.1.sites.chr22.vcf.bgz	part-000092.parquet	100000	828439	f8c39a7209f9143766de907ce61cfb6ef908ba44c9acfa90c804ac1682c9cd9f
release/4.1/vcf/genomes/gnomad.genomes.v4.1.sites.chr22.vcf.bgz	part-000093.parquet	100000	855994	46e3f824c6e8574efff1a1844cc307fbbc6c3248c793a774ab19cbb8c569ed28
release/4.1/vcf/genomes/gnomad.genomes.v4.1.sites.chr22.vcf.bgz	part-000094.parquet	100000	874436	1859f137cc910550b6a9f8528c723f61b2dd73d34ba01710b20d57c852582000
release/4.1/vcf/genomes/gnomad.genomes.v4.1.sites.chr22.vcf.bgz	part-000095.parquet	100000	860515	593004ca788b0894d5907263f4a33e6112c5be1cbf9e84c6f70e377c9cba88b0
release/4.1/vcf/genomes/gnomad.genomes.v4.1.sites.chr22.vcf.bgz	part-000096.parquet	100000	877742	3eed643b35893302c9c97f56ea9ad28ddca61359959b8623418b7520c060c34f
release/4.1/vcf/genomes/gnomad.genomes.v4.1.sites.chr22.vcf.bgz	part-000097.parquet	100000	845374	2c9b3a6007da139e1606127d3b7e7b8581bbb8cca7d69704407ac5a84ccbe7cd
release/4.1/vcf/genomes/gnomad.genomes.v4.1.sites.chr22.vcf.bgz	part-000098.parquet	100000	849757	67e79935a10f038503c1c5fe637c3d09434dc1dc6c860ef71b0fd76feb6277f9
release/4.1/vcf/genomes/gnomad.genomes.v4.1.sites.chr22.vcf.bgz	part-000099.parquet	100000	859154	ef2d9b63a919b4571076b4d14a56dda3c96d33d3a93ab172f8228b6a9acced8f
release/4.1/vcf/genomes/gnomad.genomes.v4.1.sites.chr22.vcf.bgz	part-000100.parquet	100000	843531	08506797c5a65c28e911512bb1f779c51857e6f4b77cd47e4cf9a3fd033fbb0d
release/4.1/vcf/genomes/gnomad.genomes.v4.1.sites.chr22.vcf.bgz	part-000101.parquet	100000	867018	3f9430081c33347439476b7a339488064bad7f133bd6655eb51b0b620cdfa710
release/4.1/vcf/genomes/gnomad.genomes.v4.1.sites.chr22.vcf.bgz	part-000102.parquet	100000	863258	e48867a01075023ccc5da4d7b815f0d9e6c317806980a08b82b512b31cae6607
release/4.1/vcf/genomes/gnomad.genomes.v4.1.sites.chr22.vcf.bgz	part-000103.parquet	100000	875142	33bd085b29e853cdbda999c1cdb65440ca014df0eac7afbc0835952cb0730c7f
release/4.1/vcf/genomes/gnomad.genomes.v4.1.sites.chr22.vcf.bgz	part-000104.parquet	100000	861567	15f2898bca28467bf275237d58926c1948e248d2b7565fd6a6f119ad561a9868
release/4.1/vcf/genomes/gnomad.genomes.v4.1.sites.chr22.vcf.bgz	part-000105.parquet	100000	891259	860e01b5a8c00401bf533939f10e681fb0c2735ca34cb22c3b903109ff14170f
release/4.1/vcf/genomes/gnomad.genomes.v4.1.sites.chr22.vcf.bgz	part-000106.parquet	100000	872879	e7bdf9decac899283a8b11edf8e2dd459fccfb09cd4e1bbc8c454518dd682c4d
release/4.1/vcf/genomes/gnomad.genomes.v4.1.sites.chr22.vcf.bgz	part-000107.parquet	100000	874759	cabee911a8596668cd35ce1a72f801b34e30d29ef81e89dee6cfdaa4e5342970
release/4.1/vcf/genomes/gnomad.genomes.v4.1.sites.chr22.vcf.bgz	part-000108.parquet	100000	872341	b4376e7a2b7fad982f69080e24123732abaec254b5f81d591060129fbabeb8f6
release/4.1/vcf/genomes/gnomad.genomes.v4.1.sites.chr22.vcf.bgz	part-000109.parquet	100000	881688	fc6113b29dd8465028919b7d541262a40896c7ad83ec9ab592fe7abb2ddab363
release/4.1/vcf/genomes/gnomad.genomes.v4.1.sites.chr22.vcf.bgz	part-000110.parquet	100000	894208	4f77218e62edd73a1c0ef302ece43f4e3a2ab67b227a7f1fcb25c5cc652f8172
release/4.1/vcf/genomes/gnomad.genomes.v4.1.sites.chr22.vcf.bgz	part-000111.parquet	100000	876681	5a05c62fc6c8a7b228eb7602e5cc7c02ec41646ac641c85b12daf20733a597bf
release/4.1/vcf/genomes/gnomad.genomes.v4.1.sites.chr22.vcf.bgz	part-000112.parquet	100000	872316	8ce389a4b35ece136316ac320b410cc350f014789162f8c94b32ee7fa3c27ef8
release/4.1/vcf/genomes/gnomad.genomes.v4.1.sites.chr22.vcf.bgz	part-000113.parquet	100000	883004	5cb6a70af73b4a42845a82682297c12a562ccba71ecd13a52d3d15f833a224a4
release/4.1/vcf/genomes/gnomad.genomes.v4.1.sites.chr22.vcf.bgz	part-000114.parquet	100000	893290	a8d9fcde14b3066fd4e5e0050d00317320519a1085dd787540af333da53e96b7
release/4.1/vcf/genomes/gnomad.genomes.v4.1.sites.chr22.vcf.bgz	part-000115.parquet	100000	867258	8e265216d29dedb5ff0b030217a0d8c500de1ef79606253a3bd8b772cd848c7b
release/4.1/vcf/genomes/gnomad.genomes.v4.1.sites.chr22.vcf.bgz	part-000116.parquet	100000	854407	93b190eec65bdaa5d8e9240f2bc3024a601e38513e3bcd592380449c6cd87eba
release/4.1/vcf/genomes/gnomad.genomes.v4.1.sites.chr22.vcf.bgz	part-000117.parquet	8143	66042	1f9a2b3f73f594f2489ee346ab16b34e55fae4f7bd9ea6ba46d903468955bcca
release/4.1/vcf/genomes/gnomad.genomes.v4.1.sites.chrY.vcf.bgz	part-000001.parquet	100000	611232	e48f0fdd8c340081f8f3e329271f86d81654ddadd1f2b6207f30f1f8c0b85f0b
release/4.1/vcf/genomes/gnomad.genomes.v4.1.sites.chrY.vcf.bgz	part-000002.parquet	100000	555147	2c0fb9cde14684447cced64478fa4836ffff0c65a372b044c71d9d43513ed451
release/4.1/vcf/genomes/gnomad.genomes.v4.1.sites.chrY.vcf.bgz	part-000003.parquet	100000	590542	fcc0c9ddb56d0082d1e3c454fb3cb8806f42c07fa414968fa40acd50238282d1
release/4.1/vcf/genomes/gnomad.genomes.v4.1.sites.chrY.vcf.bgz	part-000004.parquet	100000	613179	6c421958288dd1812d14421181b0200f43db7b2e999a158bcfba5a9ef7f3a185
release/4.1/vcf/genomes/gnomad.genomes.v4.1.sites.chrY.vcf.bgz	part-000005.parquet	100000	608210	21250f45978af29ab9a1b81f5eb3a3e532c246c44082388e979e121d5c6d0fe0
release/4.1/vcf/genomes/gnomad.genomes.v4.1.sites.chrY.vcf.bgz	part-000006.parquet	100000	636075	c82007e1a5d38f88476aa868dab298437ba19498e43d7299dea612e37d4550e0
release/4.1/vcf/genomes/gnomad.genomes.v4.1.sites.chrY.vcf.bgz	part-000007.parquet	100000	619813	b18cc2d1ea4367488d4bfa2cea664226e021f2bcbd87ce7c8de0d8552ef61237
release/4.1/vcf/genomes/gnomad.genomes.v4.1.sites.chrY.vcf.bgz	part-000008.parquet	100000	618706	13cfaa2add800727683d4ed8a5062892b0d0710903d328b67978a03a157726b1
release/4.1/vcf/genomes/gnomad.genomes.v4.1.sites.chrY.vcf.bgz	part-000009.parquet	100000	613085	50a7303aa9595e1cefb9d93bb4c3543c9727a08b774d29f2a2419a44c512fafe
release/4.1/vcf/genomes/gnomad.genomes.v4.1.sites.chrY.vcf.bgz	part-000010.parquet	100000	608313	b6533e7143949b841b89a0f625c48b25cffd9eff85f1993614685cc53e83d2d2
release/4.1/vcf/genomes/gnomad.genomes.v4.1.sites.chrY.vcf.bgz	part-000011.parquet	100000	614448	a31ff68756eeb081af7d97469dbda1032a0cd4ff00877340adc713467dd86258
release/4.1/vcf/genomes/gnomad.genomes.v4.1.sites.chrY.vcf.bgz	part-000012.parquet	69063	360682	062c57405a589a8e7902b7cc873d8996ba0ef645c2cea3afa0ac8113b6ebd1d3
