"biotype","exact","oracle_only","duckvep_only","terms_differ","pairs","events"
"IG_V_gene",2,0,0,0,2,1
"TEC",51,0,0,0,51,47
"lncRNA",14866,0,0,0,14866,884
"miRNA",88,0,0,0,88,77
"misc_RNA",13,0,0,0,13,12
"non_stop_decay",4,0,0,0,4,4
"nonsense_mediated_decay",27345,0,9,0,27354,1450
"processed_pseudogene",75,0,0,0,75,71
"protein_coding",45636,0,19,0,45655,1596
"protein_coding_CDS_not_defined",1458,0,0,0,1458,724
"rRNA",4,0,0,0,4,4
"retained_intron",2898,0,0,0,2898,1037
"scaRNA",1,0,0,0,1,1
"snRNA",24,0,0,0,24,24
"snoRNA",65,0,0,0,65,28
"transcribed_processed_pseudogene",24,0,0,0,24,23
"transcribed_unitary_pseudogene",8,0,0,0,8,8
"transcribed_unprocessed_pseudogene",16,0,0,0,16,16
"unitary_pseudogene",6,0,0,0,6,6
"unprocessed_pseudogene",14,0,0,0,14,14
