"event_index","sv_type","state","strand","builder","vep_shift0","vep_shift1","verdict","shift1_differs"
0,"DEL","exon_interior",1,"1:g.9850965_9850988del","1:g.9850965_9850988del","1:g.9850965_9850988del","exact",FALSE
1,"INV","cds_start_cross",-1,"1:g.16416167_16416185inv","1:g.16416167_16416185inv","1:g.16416167_16416185inv","exact",FALSE
2,"DEL","exon_end_cross",1,"1:g.45218163_45218185del","1:g.45218163_45218185del","1:g.45218163_45218185del","exact",FALSE
3,"INV","exon_interior",1,"1:g.58227622_58227646inv","1:g.58227622_58227646inv","1:g.58227622_58227646inv","exact",FALSE
4,"DUP","cds_start_cross",-1,"1:g.72729274_72729304dup","1:g.72729274_72729304dup","1:g.72729274_72729304dup","exact",FALSE
5,"DEL","intron_interior",-1,"1:g.74786848_74786868del","1:g.74786848_74786868del","1:g.74786848_74786868del","exact",FALSE
6,"DUP","exon_interior",1,"1:g.80405883_80405891dup","1:g.80405883_80405891dup","1:g.80405884_80405892dup","exact",TRUE
7,"DEL","cds_start_cross",1,"1:g.90981377_90981390del","1:g.90981377_90981390del","1:g.90981378_90981391del","exact",TRUE
8,"DUP","cds_start_cross",1,"1:g.92500893_92500916dup","1:g.92500893_92500916dup","1:g.92500893_92500916dup","exact",FALSE
9,"DUP","exon_interior",-1,"1:g.93347883_93347901dup","1:g.93347883_93347901dup","1:g.93347883_93347901dup","exact",FALSE
10,"DEL","exon_start_cross",1,"1:g.151591407_151591432del","1:g.151591407_151591432del","1:g.151591407_151591432del","exact",FALSE
11,"DEL","intron_interior",-1,"1:g.156927885_156927896del","1:g.156927885_156927896del","1:g.156927885_156927896del","exact",FALSE
12,"INV","exon_end_cross",-1,"1:g.158642442_158642444inv","1:g.158642442_158642444inv","1:g.158642442_158642444inv","exact",FALSE
13,"INV","intron_interior",-1,"1:g.172040801_172040807inv","1:g.172040801_172040807inv","1:g.172040801_172040807inv","exact",FALSE
14,"INV","exon_start_cross",-1,"1:g.178402117_178402144inv","1:g.178402117_178402144inv","1:g.178402117_178402144inv","exact",FALSE
15,"DEL","cds_start_cross",1,"1:g.190660895_190660911del","1:g.190660895_190660911del","1:g.190660895_190660911del","exact",FALSE
16,"DUP","exon_end_cross",-1,"1:g.191800645_191800674dup","1:g.191800645_191800674dup","1:g.191800646_191800675dup","exact",TRUE
17,"TDUP","exon_interior",1,"10:g.17675071_17675074dup","10:g.17675071_17675074dup","10:g.17675071_17675074dup","exact",FALSE
18,"INV","exon_interior",-1,"10:g.60982640_60982643inv","10:g.60982640_60982643inv","10:g.60982640_60982643inv","exact",FALSE
19,"DEL","exon_end_cross",1,"10:g.61561830_61561858del","10:g.61561830_61561858del","10:g.61561830_61561858del","exact",FALSE
20,"DUP","exon_interior",-1,"10:g.62430842_62430859dup","10:g.62430842_62430859dup","10:g.62430844_62430861dup","exact",TRUE
21,"INV","exon_start_cross",1,"10:g.69761782_69761812inv","10:g.69761782_69761812inv","10:g.69761782_69761812inv","exact",FALSE
22,"INV","exon_interior",1,"10:g.76419651_76419654inv","10:g.76419651_76419654inv","10:g.76419651_76419654inv","exact",FALSE
23,"INV","exon_start_cross",-1,"10:g.77146938_77146963inv","10:g.77146938_77146963inv","10:g.77146938_77146963inv","exact",FALSE
24,"TDUP","exon_interior",1,"10:g.78414873_78414904dup","10:g.78414873_78414904dup","10:g.78414874_78414905dup","exact",TRUE
25,"DEL","exon_interior",-1,"10:g.79378473_79378485del","10:g.79378473_79378485del","10:g.79378473_79378485del","exact",FALSE
26,"DEL","intron_interior",1,"10:g.79847474_79847508del","10:g.79847474_79847508del","10:g.79847474_79847508del","exact",FALSE
27,"TDUP","intron_interior",-1,"10:g.79894018_79894057dup","10:g.79894018_79894057dup","10:g.79894018_79894057dup","exact",FALSE
28,"DEL","exon_interior",1,"10:g.80074155_80074157del","10:g.80074155_80074157del","10:g.80074155_80074157del","exact",FALSE
29,"INV","cds_start_cross",1,"10:g.80192397_80192400inv","10:g.80192397_80192400inv","10:g.80192397_80192400inv","exact",FALSE
30,"DEL","exon_start_cross",1,"10:g.82717556_82717572del","10:g.82717556_82717572del","10:g.82717556_82717572del","exact",FALSE
31,"DUP","exon_start_cross",1,"10:g.84412435_84412445dup","10:g.84412435_84412445dup","10:g.84412435_84412445dup","exact",FALSE
32,"TDUP","cds_start_cross",1,"10:g.87697234_87697263dup","10:g.87697234_87697263dup","10:g.87697234_87697263dup","exact",FALSE
33,"DEL","exon_start_cross",-1,"10:g.88324241_88324277del","10:g.88324241_88324277del","10:g.88324241_88324277del","exact",FALSE
34,"TDUP","intron_interior",-1,"10:g.89561240_89561243dup","10:g.89561240_89561243dup","10:g.89561240_89561243dup","exact",FALSE
35,"DUP","exon_start_cross",1,"10:g.95838748_95838777dup","10:g.95838748_95838777dup","10:g.95838748_95838777dup","exact",FALSE
36,"TDUP","exon_end_cross",-1,"10:g.116334144_116334167dup","10:g.116334144_116334167dup","10:g.116334144_116334167dup","exact",FALSE
37,"DUP","exon_start_cross",-1,"10:g.127354090_127354126dup","10:g.127354090_127354126dup","10:g.127354090_127354126dup","exact",FALSE
38,"DUP","exon_start_cross",1,"11:g.4682067dup","11:g.4682067dup","11:g.4682067dup","exact",FALSE
39,"TDUP","exon_start_cross",1,"11:g.6296515_6296523dup","11:g.6296515_6296523dup","11:g.6296516_6296524dup","exact",TRUE
40,"TDUP","intron_interior",-1,"11:g.18820667_18820672dup","11:g.18820667_18820672dup","11:g.18820667_18820672dup","exact",FALSE
42,"DUP","exon_start_cross",-1,"11:g.24864650_24864668dup","11:g.24864650_24864668dup","11:g.24864650_24864668dup","exact",FALSE
43,"DEL","intron_interior",-1,"11:g.26499660_26499673del","11:g.26499660_26499673del","11:g.26499660_26499673del","exact",FALSE
44,"DUP","exon_start_cross",-1,"11:g.30069377_30069393dup","11:g.30069377_30069393dup","11:g.30069377_30069393dup","exact",FALSE
45,"INV","intron_interior",-1,"11:g.55085947_55085950inv","11:g.55085947_55085950inv","11:g.55085947_55085950inv","exact",FALSE
46,"DEL","exon_end_cross",1,"11:g.57994087_57994092del","11:g.57994087_57994092del","11:g.57994089_57994094del","exact",TRUE
47,"DEL","cds_start_cross",-1,"11:g.61384457_61384486del","11:g.61384457_61384486del","11:g.61384458_61384487del","exact",TRUE
48,"DEL","exon_end_cross",-1,"11:g.65087220_65087257del","11:g.65087220_65087257del","11:g.65087220_65087257del","exact",FALSE
49,"DUP","cds_start_cross",1,"11:g.68411100_68411104dup","11:g.68411100_68411104dup","11:g.68411100_68411104dup","exact",FALSE
50,"DEL","exon_end_cross",-1,"11:g.68961561_68961581del","11:g.68961561_68961581del","11:g.68961562_68961582del","exact",TRUE
51,"TDUP","cds_start_cross",1,"11:g.74664346_74664371dup","11:g.74664346_74664371dup","11:g.74664346_74664371dup","exact",FALSE
52,"DUP","exon_interior",1,"11:g.78216545_78216552dup","11:g.78216545_78216552dup","11:g.78216546_78216553dup","exact",TRUE
53,"DEL","exon_end_cross",1,"11:g.80100149_80100174del","11:g.80100149_80100174del","11:g.80100149_80100174del","exact",FALSE
54,"TDUP","exon_interior",1,"11:g.82692992_82693011dup","11:g.82692992_82693011dup","11:g.82692992_82693011dup","exact",FALSE
55,"INV","exon_interior",-1,"11:g.84361443_84361446inv","11:g.84361443_84361446inv","11:g.84361443_84361446inv","exact",FALSE
56,"TDUP","intron_interior",-1,"11:g.84714004_84714009dup","11:g.84714004_84714009dup","11:g.84714004_84714009dup","exact",FALSE
57,"INV","cds_start_cross",1,"11:g.85723932_85723937inv","11:g.85723932_85723937inv","11:g.85723932_85723937inv","exact",FALSE
58,"INV","intron_interior",1,"11:g.88079068_88079104inv","11:g.88079068_88079104inv","11:g.88079068_88079104inv","exact",FALSE
59,"DUP","exon_end_cross",1,"11:g.93796181_93796209dup","11:g.93796181_93796209dup","11:g.93796181_93796209dup","exact",FALSE
60,"INV","intron_interior",-1,"11:g.94434701_94434714inv","11:g.94434701_94434714inv","11:g.94434701_94434714inv","exact",FALSE
61,"DEL","cds_start_cross",-1,"11:g.96659870_96659891del","11:g.96659870_96659891del","11:g.96659870_96659891del","exact",FALSE
63,"TDUP","exon_interior",-1,"11:g.100602254_100602275dup","11:g.100602254_100602275dup","11:g.100602254_100602275dup","exact",FALSE
64,"DUP","intron_interior",1,"11:g.105134651_105134666dup","11:g.105134651_105134666dup","11:g.105134651_105134666dup","exact",FALSE
65,"DEL","exon_interior",-1,"11:g.106217580_106217619del","11:g.106217580_106217619del","11:g.106217580_106217619del","exact",FALSE
66,"TDUP","intron_interior",-1,"11:g.109859080_109859106dup","11:g.109859080_109859106dup","11:g.109859080_109859106dup","exact",FALSE
67,"INV","exon_interior",-1,"11:g.116143568_116143569inv","11:g.116143568_116143569inv","11:g.116143568_116143569inv","exact",FALSE
68,"DEL","cds_start_cross",-1,"11:g.120503074_120503080del","11:g.120503074_120503080del","11:g.120503074_120503080del","exact",FALSE
69,"TDUP","exon_start_cross",-1,"11:g.120704480_120704508dup","11:g.120704480_120704508dup","11:g.120704481_120704509dup","exact",TRUE
70,"INV","cds_start_cross",-1,"11:g.121226370_121226378inv","11:g.121226370_121226378inv","11:g.121226370_121226378inv","exact",FALSE
71,"TDUP","exon_interior",1,"12:g.24566959_24566990dup","12:g.24566959_24566990dup","12:g.24566959_24566990dup","exact",FALSE
72,"DEL","cds_start_cross",1,"12:g.44579334_44579349del","12:g.44579334_44579349del","12:g.44579334_44579349del","exact",FALSE
73,"DUP","intron_interior",1,"12:g.45582149_45582167dup","12:g.45582149_45582167dup","12:g.45582149_45582167dup","exact",FALSE
74,"DEL","exon_interior",-1,"12:g.55340577_55340582del","12:g.55340577_55340582del","12:g.55340578_55340583del","exact",TRUE
75,"INV","exon_interior",1,"12:g.57775202_57775223inv","12:g.57775202_57775223inv","12:g.57775202_57775223inv","exact",FALSE
76,"TDUP","exon_start_cross",1,"12:g.59223117_59223121dup","12:g.59223117_59223121dup","12:g.59223117_59223121dup","exact",FALSE
77,"INV","exon_interior",-1,"12:g.65003129_65003136inv","12:g.65003129_65003136inv","12:g.65003129_65003136inv","exact",FALSE
78,"DEL","exon_start_cross",-1,"12:g.69367143_69367164del","12:g.69367143_69367164del","12:g.69367143_69367164del","exact",FALSE
79,"INV","exon_end_cross",-1,"12:g.69632404_69632425inv","12:g.69632404_69632425inv","12:g.69632404_69632425inv","exact",FALSE
80,"TDUP","exon_start_cross",1,"12:g.84369656_84369669dup","12:g.84369656_84369669dup","12:g.84369656_84369669dup","exact",FALSE
81,"TDUP","exon_start_cross",-1,"12:g.84661847_84661881dup","12:g.84661847_84661881dup","12:g.84661847_84661881dup","exact",FALSE
82,"TDUP","cds_start_cross",-1,"12:g.84967250_84967278dup","12:g.84967250_84967278dup","12:g.84967250_84967278dup","exact",FALSE
83,"DEL","cds_start_cross",1,"12:g.87862138_87862144del","12:g.87862138_87862144del","12:g.87862138_87862144del","exact",FALSE
84,"INV","exon_start_cross",-1,"12:g.101865084_101865102inv","12:g.101865084_101865102inv","12:g.101865084_101865102inv","exact",FALSE
85,"TDUP","cds_start_cross",-1,"12:g.103946617_103946639dup","12:g.103946617_103946639dup","12:g.103946618_103946640dup","exact",TRUE
86,"INV","exon_interior",1,"13:g.14165400_14165416inv","13:g.14165400_14165416inv","13:g.14165400_14165416inv","exact",FALSE
87,"INV","intron_interior",-1,"13:g.24226378_24226392inv","13:g.24226378_24226392inv","13:g.24226378_24226392inv","exact",FALSE
88,"TDUP","exon_interior",1,"13:g.24885658_24885675dup","13:g.24885658_24885675dup","13:g.24885658_24885675dup","exact",FALSE
89,"TDUP","intron_interior",-1,"13:g.28724943_28724967dup","13:g.28724943_28724967dup","13:g.28724943_28724967dup","exact",FALSE
90,"DEL","intron_interior",1,"13:g.34156083_34156116del","13:g.34156083_34156116del","13:g.34156084_34156117del","exact",TRUE
91,"DEL","exon_interior",1,"13:g.51806738_51806763del","13:g.51806738_51806763del","13:g.51806739_51806764del","exact",TRUE
92,"DUP","intron_interior",-1,"13:g.54243595_54243625dup","13:g.54243595_54243625dup","13:g.54243595_54243625dup","exact",FALSE
93,"DUP","exon_start_cross",-1,"13:g.58541890_58541893dup","13:g.58541890_58541893dup","13:g.58541890_58541893dup","exact",FALSE
94,"DEL","exon_end_cross",-1,"13:g.59621628_59621635del","13:g.59621628_59621635del","13:g.59621628_59621635del","exact",FALSE
95,"DUP","exon_start_cross",-1,"13:g.68768160_68768187dup","13:g.68768160_68768187dup","13:g.68768160_68768187dup","exact",FALSE
96,"DEL","exon_start_cross",-1,"13:g.81688076del","13:g.81688076del","13:g.81688076del","exact",FALSE
97,"DEL","exon_interior",1,"13:g.94554513_94554527del","13:g.94554513_94554527del","13:g.94554514_94554528del","exact",TRUE
98,"DUP","intron_interior",1,"13:g.96720879_96720886dup","13:g.96720879_96720886dup","13:g.96720879_96720886dup","exact",FALSE
99,"INV","exon_interior",1,"13:g.97264737_97264751inv","13:g.97264737_97264751inv","13:g.97264737_97264751inv","exact",FALSE
100,"DUP","intron_interior",-1,"13:g.98929414_98929418dup","13:g.98929414_98929418dup","13:g.98929414_98929418dup","exact",FALSE
101,"TDUP","exon_interior",-1,"13:g.115094964_115094982dup","13:g.115094964_115094982dup","13:g.115094964_115094982dup","exact",FALSE
102,"DUP","exon_end_cross",-1,"14:g.3338650_3338666dup","14:g.3338650_3338666dup","14:g.3338650_3338666dup","exact",FALSE
103,"DUP","exon_interior",-1,"14:g.26040373_26040388dup","14:g.26040373_26040388dup","14:g.26040375_26040390dup","exact",TRUE
104,"TDUP","exon_interior",1,"14:g.31081179_31081196dup","14:g.31081179_31081196dup","14:g.31081179_31081196dup","exact",FALSE
105,"TDUP","exon_interior",-1,"14:g.47481275_47481292dup","14:g.47481275_47481292dup","14:g.47481275_47481292dup","exact",FALSE
106,"DUP","exon_start_cross",-1,"14:g.51166462_51166483dup","14:g.51166462_51166483dup","14:g.51166463_51166484dup","exact",TRUE
107,"DUP","exon_start_cross",-1,"14:g.54155737_54155772dup","14:g.54155737_54155772dup","14:g.54155738_54155773dup","exact",TRUE
108,"INV","cds_start_cross",-1,"14:g.54607240_54607247inv","14:g.54607240_54607247inv","14:g.54607240_54607247inv","exact",FALSE
109,"DUP","exon_start_cross",-1,"14:g.54610394_54610403dup","14:g.54610394_54610403dup","14:g.54610394_54610403dup","exact",FALSE
110,"DEL","exon_end_cross",-1,"14:g.55229201_55229215del","14:g.55229201_55229215del","14:g.55229201_55229215del","exact",FALSE
111,"DUP","cds_start_cross",1,"14:g.55816031_55816056dup","14:g.55816031_55816056dup","14:g.55816031_55816056dup","exact",FALSE
112,"TDUP","intron_interior",1,"14:g.79261224_79261255dup","14:g.79261224_79261255dup","14:g.79261224_79261255dup","exact",FALSE
113,"DUP","cds_start_cross",1,"14:g.87654244_87654248dup","14:g.87654244_87654248dup","14:g.87654244_87654248dup","exact",FALSE
114,"INV","intron_interior",1,"14:g.102147884_102147897inv","14:g.102147884_102147897inv","14:g.102147884_102147897inv","exact",FALSE
115,"DUP","exon_interior",1,"15:g.8181201_8181239dup","15:g.8181201_8181239dup","15:g.8181201_8181239dup","exact",FALSE
116,"DEL","exon_start_cross",1,"15:g.8223806_8223821del","15:g.8223806_8223821del","15:g.8223806_8223821del","exact",FALSE
117,"TDUP","exon_start_cross",1,"15:g.9429039_9429067dup","15:g.9429039_9429067dup","15:g.9429039_9429067dup","exact",FALSE
118,"DEL","intron_interior",-1,"15:g.36353603_36353635del","15:g.36353603_36353635del","15:g.36353603_36353635del","exact",FALSE
119,"DEL","exon_start_cross",-1,"15:g.37448468del","15:g.37448468del","15:g.37448469del","exact",TRUE
120,"DUP","exon_end_cross",1,"15:g.62047396_62047404dup","15:g.62047396_62047404dup","15:g.62047399_62047407dup","exact",TRUE
121,"INV","exon_interior",-1,"15:g.63731479_63731487inv","15:g.63731479_63731487inv","15:g.63731479_63731487inv","exact",FALSE
122,"INV","exon_end_cross",1,"15:g.65737772_65737809inv","15:g.65737772_65737809inv","15:g.65737772_65737809inv","exact",FALSE
123,"TDUP","exon_interior",-1,"15:g.73489310_73489332dup","15:g.73489310_73489332dup","15:g.73489310_73489332dup","exact",FALSE
124,"TDUP","exon_end_cross",1,"15:g.75845054_75845091dup","15:g.75845054_75845091dup","15:g.75845054_75845091dup","exact",FALSE
125,"TDUP","exon_interior",1,"15:g.76544183_76544196dup","15:g.76544183_76544196dup","15:g.76544184_76544197dup","exact",TRUE
126,"DUP","exon_interior",1,"15:g.76548295_76548325dup","15:g.76548295_76548325dup","15:g.76548295_76548325dup","exact",FALSE
127,"DEL","intron_interior",1,"15:g.76582327_76582362del","15:g.76582327_76582362del","15:g.76582327_76582362del","exact",FALSE
128,"DEL","cds_start_cross",-1,"15:g.77849193_77849221del","15:g.77849193_77849221del","15:g.77849193_77849221del","exact",FALSE
129,"INV","exon_start_cross",1,"15:g.80894141_80894143inv","15:g.80894141_80894143inv","15:g.80894141_80894143inv","exact",FALSE
130,"DUP","exon_end_cross",-1,"15:g.82699859_82699891dup","15:g.82699859_82699891dup","15:g.82699860_82699892dup","exact",TRUE
131,"INV","exon_end_cross",-1,"15:g.89069466_89069483inv","15:g.89069466_89069483inv","15:g.89069466_89069483inv","exact",FALSE
132,"DEL","exon_start_cross",1,"15:g.89254953_89254968del","15:g.89254953_89254968del","15:g.89254953_89254968del","exact",FALSE
133,"DUP","cds_start_cross",-1,"15:g.98419633_98419658dup","15:g.98419633_98419658dup","15:g.98419633_98419658dup","exact",FALSE
134,"INV","cds_start_cross",1,"15:g.99122857_99122894inv","15:g.99122857_99122894inv","15:g.99122857_99122894inv","exact",FALSE
135,"INV","intron_interior",-1,"15:g.100592304_100592334inv","15:g.100592304_100592334inv","15:g.100592304_100592334inv","exact",FALSE
136,"TDUP","intron_interior",1,"15:g.102391731_102391748dup","15:g.102391731_102391748dup","15:g.102391731_102391748dup","exact",FALSE
137,"INV","cds_start_cross",1,"16:g.4501998_4502021inv","16:g.4501998_4502021inv","16:g.4501998_4502021inv","exact",FALSE
138,"INV","cds_start_cross",1,"16:g.8291710_8291711inv","16:g.8291710_8291711inv","16:g.8291710_8291711inv","exact",FALSE
139,"DEL","cds_start_cross",1,"16:g.13502999_13503017del","16:g.13502999_13503017del","16:g.13502999_13503017del","exact",FALSE
140,"TDUP","cds_start_cross",1,"16:g.17326891_17326930dup","16:g.17326891_17326930dup","16:g.17326891_17326930dup","exact",FALSE
141,"INV","intron_interior",1,"16:g.17333777_17333811inv","16:g.17333777_17333811inv","16:g.17333777_17333811inv","exact",FALSE
142,"DUP","cds_start_cross",1,"16:g.20317662_20317679dup","16:g.20317662_20317679dup","16:g.20317662_20317679dup","exact",FALSE
143,"DUP","exon_start_cross",1,"16:g.20504899_20504936dup","16:g.20504899_20504936dup","16:g.20504899_20504936dup","exact",FALSE
144,"DEL","exon_interior",1,"16:g.22607893_22607923del","16:g.22607893_22607923del","16:g.22607894_22607924del","exact",TRUE
145,"DUP","intron_interior",-1,"16:g.31802185_31802210dup","16:g.31802185_31802210dup","16:g.31802185_31802210dup","exact",FALSE
146,"DEL","cds_start_cross",-1,"16:g.31961851_31961888del","16:g.31961851_31961888del","16:g.31961852_31961889del","exact",TRUE
147,"DEL","intron_interior",1,"16:g.34542042_34542066del","16:g.34542042_34542066del","16:g.34542043_34542067del","exact",TRUE
148,"DUP","exon_end_cross",1,"16:g.36656005_36656006dup","16:g.36656005_36656006dup","16:g.36656005_36656006dup","exact",FALSE
149,"INV","intron_interior",-1,"16:g.37062276_37062304inv","16:g.37062276_37062304inv","16:g.37062276_37062304inv","exact",FALSE
150,"TDUP","cds_start_cross",1,"16:g.55895902_55895911dup","16:g.55895902_55895911dup","16:g.55895902_55895911dup","exact",FALSE
151,"TDUP","exon_end_cross",1,"16:g.93638328_93638347dup","16:g.93638328_93638347dup","16:g.93638328_93638347dup","exact",FALSE
152,"INV","intron_interior",1,"16:g.93663056_93663088inv","16:g.93663056_93663088inv","16:g.93663056_93663088inv","exact",FALSE
153,"DUP","intron_interior",-1,"17:g.15715171_15715198dup","17:g.15715171_15715198dup","17:g.15715171_15715198dup","exact",FALSE
155,"TDUP","cds_start_cross",1,"17:g.23603776_23603784dup","17:g.23603776_23603784dup","17:g.23603776_23603784dup","exact",FALSE
156,"INV","cds_start_cross",-1,"17:g.24662955_24662967inv","17:g.24662955_24662967inv","17:g.24662955_24662967inv","exact",FALSE
157,"TDUP","exon_end_cross",-1,"17:g.24746758_24746765dup","17:g.24746758_24746765dup","17:g.24746758_24746765dup","exact",FALSE
158,"DEL","cds_start_cross",-1,"17:g.24859205_24859208del","17:g.24859205_24859208del","17:g.24859205_24859208del","exact",FALSE
159,"DEL","exon_end_cross",-1,"17:g.25942522_25942558del","17:g.25942522_25942558del","17:g.25942522_25942558del","exact",FALSE
160,"DEL","exon_interior",-1,"17:g.26147773_26147793del","17:g.26147773_26147793del","17:g.26147773_26147793del","exact",FALSE
161,"INV","exon_start_cross",-1,"17:g.26302546_26302551inv","17:g.26302546_26302551inv","17:g.26302546_26302551inv","exact",FALSE
163,"DUP","intron_interior",1,"17:g.34268933_34268971dup","17:g.34268933_34268971dup","17:g.34268933_34268971dup","exact",FALSE
164,"INV","exon_start_cross",1,"17:g.34872894_34872923inv","17:g.34872894_34872923inv","17:g.34872894_34872923inv","exact",FALSE
165,"INV","exon_interior",1,"17:g.36143526_36143558inv","17:g.36143526_36143558inv","17:g.36143526_36143558inv","exact",FALSE
166,"INV","exon_end_cross",1,"17:g.45830522_45830542inv","17:g.45830522_45830542inv","17:g.45830522_45830542inv","exact",FALSE
167,"INV","cds_start_cross",-1,"17:g.46886843_46886871inv","17:g.46886843_46886871inv","17:g.46886843_46886871inv","exact",FALSE
168,"DEL","intron_interior",1,"17:g.56302075_56302082del","17:g.56302075_56302082del","17:g.56302075_56302082del","exact",FALSE
169,"DEL","exon_end_cross",1,"17:g.56980411_56980416del","17:g.56980411_56980416del","17:g.56980413_56980418del","exact",TRUE
170,"INV","exon_interior",1,"17:g.71391305_71391331inv","17:g.71391305_71391331inv","17:g.71391305_71391331inv","exact",FALSE
171,"DUP","intron_interior",1,"17:g.71416599_71416631dup","17:g.71416599_71416631dup","17:g.71416599_71416631dup","exact",FALSE
172,"TDUP","intron_interior",1,"17:g.71529220_71529232dup","17:g.71529220_71529232dup","17:g.71529220_71529232dup","exact",FALSE
173,"TDUP","exon_interior",-1,"17:g.71808522_71808542dup","17:g.71808522_71808542dup","17:g.71808522_71808542dup","exact",FALSE
174,"DEL","exon_interior",-1,"17:g.85034015_85034050del","17:g.85034015_85034050del","17:g.85034015_85034050del","exact",FALSE
175,"DEL","exon_start_cross",-1,"18:g.6033139_6033149del","18:g.6033139_6033149del","18:g.6033140_6033150del","exact",TRUE
176,"DEL","exon_start_cross",-1,"18:g.6225768_6225781del","18:g.6225768_6225781del","18:g.6225769_6225782del","exact",TRUE
177,"DEL","cds_start_cross",-1,"18:g.25263441_25263462del","18:g.25263441_25263462del","18:g.25263441_25263462del","exact",FALSE
178,"DEL","cds_start_cross",-1,"18:g.32260479_32260513del","18:g.32260479_32260513del","18:g.32260479_32260513del","exact",FALSE
179,"TDUP","exon_interior",1,"18:g.35714301_35714325dup","18:g.35714301_35714325dup","18:g.35714301_35714325dup","exact",FALSE
180,"DUP","cds_start_cross",-1,"18:g.38070668_38070671dup","18:g.38070668_38070671dup","18:g.38070669_38070672dup","exact",TRUE
181,"INV","exon_end_cross",-1,"18:g.61335476_61335488inv","18:g.61335476_61335488inv","18:g.61335476_61335488inv","exact",FALSE
182,"DEL","exon_start_cross",-1,"18:g.67556011_67556012del","18:g.67556011_67556012del","18:g.67556011_67556012del","exact",FALSE
183,"DEL","cds_start_cross",1,"18:g.82572706_82572707del","18:g.82572706_82572707del","18:g.82572706_82572707del","exact",FALSE
184,"DEL","exon_interior",1,"19:g.3402492_3402529del","19:g.3402492_3402529del","19:g.3402492_3402529del","exact",FALSE
185,"INV","intron_interior",1,"19:g.3985654_3985673inv","19:g.3985654_3985673inv","19:g.3985654_3985673inv","exact",FALSE
186,"DUP","cds_start_cross",-1,"19:g.4211167_4211173dup","19:g.4211167_4211173dup","19:g.4211168_4211174dup","exact",TRUE
187,"TDUP","exon_interior",-1,"19:g.4250946_4250956dup","19:g.4250946_4250956dup","19:g.4250946_4250956dup","exact",FALSE
188,"DEL","exon_interior",1,"19:g.8749451_8749476del","19:g.8749451_8749476del","19:g.8749452_8749477del","exact",TRUE
189,"DUP","exon_end_cross",1,"19:g.20399870_20399876dup","19:g.20399870_20399876dup","19:g.20399872_20399878dup","exact",TRUE
190,"DEL","exon_interior",1,"19:g.28989293_28989331del","19:g.28989293_28989331del","19:g.28989294_28989332del","exact",TRUE
191,"INV","exon_start_cross",-1,"19:g.55061143_55061159inv","19:g.55061143_55061159inv","19:g.55061143_55061159inv","exact",FALSE
192,"TDUP","cds_start_cross",-1,"2:g.3500308_3500336dup","2:g.3500308_3500336dup","2:g.3500308_3500336dup","exact",FALSE
193,"INV","exon_start_cross",1,"2:g.22785490_22785522inv","2:g.22785490_22785522inv","2:g.22785490_22785522inv","exact",FALSE
194,"DEL","exon_end_cross",-1,"2:g.24738098_24738136del","2:g.24738098_24738136del","2:g.24738098_24738136del","exact",FALSE
195,"DEL","intron_interior",1,"2:g.24888108_24888133del","2:g.24888108_24888133del","2:g.24888109_24888134del","exact",TRUE
196,"DEL","exon_interior",-1,"2:g.26263374_26263375del","2:g.26263374_26263375del","2:g.26263374_26263375del","exact",FALSE
197,"DUP","exon_end_cross",1,"2:g.29811119_29811132dup","2:g.29811119_29811132dup","2:g.29811119_29811132dup","exact",FALSE
198,"INV","exon_end_cross",1,"2:g.29839358_29839378inv","2:g.29839358_29839378inv","2:g.29839358_29839378inv","exact",FALSE
199,"INV","exon_end_cross",-1,"2:g.30871946_30871954inv","2:g.30871946_30871954inv","2:g.30871946_30871954inv","exact",FALSE
200,"DUP","exon_interior",-1,"2:g.32230870_32230872dup","2:g.32230870_32230872dup","2:g.32230870_32230872dup","exact",FALSE
201,"TDUP","cds_start_cross",1,"2:g.32536970_32536996dup","2:g.32536970_32536996dup","2:g.32536972_32536998dup","exact",TRUE
202,"TDUP","exon_end_cross",1,"2:g.34319638_34319666dup","2:g.34319638_34319666dup","2:g.34319638_34319666dup","exact",FALSE
203,"DUP","exon_start_cross",1,"2:g.35184944_35184955dup","2:g.35184944_35184955dup","2:g.35184944_35184955dup","exact",FALSE
204,"DUP","cds_start_cross",1,"2:g.69727636_69727645dup","2:g.69727636_69727645dup","2:g.69727636_69727645dup","exact",FALSE
205,"DEL","intron_interior",-1,"2:g.70546505_70546518del","2:g.70546505_70546518del","2:g.70546506_70546519del","exact",TRUE
206,"TDUP","intron_interior",1,"2:g.71251492_71251512dup","2:g.71251492_71251512dup","2:g.71251492_71251512dup","exact",FALSE
207,"INV","cds_start_cross",1,"2:g.90231005_90231011inv","2:g.90231005_90231011inv","2:g.90231005_90231011inv","exact",FALSE
208,"TDUP","intron_interior",1,"2:g.90515833_90515853dup","2:g.90515833_90515853dup","2:g.90515833_90515853dup","exact",FALSE
209,"INV","exon_start_cross",-1,"2:g.90989548_90989569inv","2:g.90989548_90989569inv","2:g.90989548_90989569inv","exact",FALSE
210,"DUP","cds_start_cross",-1,"2:g.91047732_91047746dup","2:g.91047732_91047746dup","2:g.91047732_91047746dup","exact",FALSE
211,"INV","exon_interior",-1,"2:g.91764132_91764165inv","2:g.91764132_91764165inv","2:g.91764132_91764165inv","exact",FALSE
212,"DUP","exon_start_cross",-1,"2:g.92371346_92371373dup","2:g.92371346_92371373dup","2:g.92371346_92371373dup","exact",FALSE
213,"INV","exon_start_cross",-1,"2:g.103896587_103896614inv","2:g.103896587_103896614inv","2:g.103896587_103896614inv","exact",FALSE
214,"TDUP","exon_start_cross",1,"2:g.105523078_105523107dup","2:g.105523078_105523107dup","2:g.105523078_105523107dup","exact",FALSE
215,"TDUP","intron_interior",1,"2:g.105742284_105742303dup","2:g.105742284_105742303dup","2:g.105742284_105742303dup","exact",FALSE
216,"INV","intron_interior",-1,"2:g.115696290_115696315inv","2:g.115696290_115696315inv","2:g.115696290_115696315inv","exact",FALSE
217,"TDUP","cds_start_cross",1,"2:g.118219189_118219203dup","2:g.118219189_118219203dup","2:g.118219190_118219204dup","exact",TRUE
218,"INV","intron_interior",1,"2:g.119773506_119773543inv","2:g.119773506_119773543inv","2:g.119773506_119773543inv","exact",FALSE
219,"DEL","exon_start_cross",-1,"2:g.120163868_120163881del","2:g.120163868_120163881del","2:g.120163869_120163882del","exact",TRUE
220,"INV","exon_end_cross",1,"2:g.122481194_122481221inv","2:g.122481194_122481221inv","2:g.122481194_122481221inv","exact",FALSE
221,"TDUP","exon_end_cross",-1,"2:g.130988894_130988903dup","2:g.130988894_130988903dup","2:g.130988894_130988903dup","exact",FALSE
222,"DUP","exon_end_cross",-1,"2:g.132653016_132653038dup","2:g.132653016_132653038dup","2:g.132653016_132653038dup","exact",FALSE
223,"DEL","exon_start_cross",1,"2:g.135491052_135491074del","2:g.135491052_135491074del","2:g.135491052_135491074del","exact",FALSE
224,"DEL","cds_start_cross",1,"2:g.142906488_142906518del","2:g.142906488_142906518del","2:g.142906488_142906518del","exact",FALSE
225,"DUP","exon_interior",1,"2:g.146884784_146884804dup","2:g.146884784_146884804dup","2:g.146884785_146884805dup","exact",TRUE
226,"DUP","exon_end_cross",1,"2:g.146916943_146916948dup","2:g.146916943_146916948dup","2:g.146916944_146916949dup","exact",TRUE
227,"TDUP","exon_start_cross",-1,"2:g.152179334_152179349dup","2:g.152179334_152179349dup","2:g.152179334_152179349dup","exact",FALSE
228,"DEL","cds_start_cross",-1,"2:g.154714645_154714680del","2:g.154714645_154714680del","2:g.154714646_154714681del","exact",TRUE
229,"INV","exon_start_cross",-1,"2:g.156779243_156779266inv","2:g.156779243_156779266inv","2:g.156779243_156779266inv","exact",FALSE
230,"DEL","intron_interior",-1,"2:g.156786737_156786744del","2:g.156786737_156786744del","2:g.156786739_156786746del","exact",TRUE
231,"DEL","exon_end_cross",1,"2:g.157299251_157299256del","2:g.157299251_157299256del","2:g.157299251_157299256del","exact",FALSE
232,"INV","exon_interior",1,"2:g.158251882_158251883inv","2:g.158251882_158251883inv","2:g.158251882_158251883inv","exact",FALSE
233,"DEL","exon_start_cross",-1,"2:g.164742418_164742454del","2:g.164742418_164742454del","2:g.164742418_164742454del","exact",FALSE
234,"TDUP","exon_interior",-1,"2:g.165152121_165152136dup","2:g.165152121_165152136dup","2:g.165152121_165152136dup","exact",FALSE
235,"TDUP","exon_end_cross",-1,"2:g.165922811_165922847dup","2:g.165922811_165922847dup","2:g.165922811_165922847dup","exact",FALSE
236,"DEL","exon_start_cross",1,"2:g.172857072_172857111del","2:g.172857072_172857111del","2:g.172857072_172857111del","exact",FALSE
237,"DUP","exon_interior",-1,"2:g.173438915_173438942dup","2:g.173438915_173438942dup","2:g.173438915_173438942dup","exact",FALSE
238,"TDUP","exon_start_cross",1,"2:g.180829973_180829978dup","2:g.180829973_180829978dup","2:g.180829973_180829978dup","exact",FALSE
239,"DUP","cds_start_cross",-1,"2:g.181005839_181005844dup","2:g.181005839_181005844dup","2:g.181005839_181005844dup","exact",FALSE
240,"DUP","exon_interior",-1,"2:g.181338855_181338886dup","2:g.181338855_181338886dup","2:g.181338855_181338886dup","exact",FALSE
241,"DEL","exon_end_cross",-1,"3:g.18425996_18426017del","3:g.18425996_18426017del","3:g.18425996_18426017del","exact",FALSE
242,"DUP","exon_start_cross",1,"3:g.32618222_32618234dup","3:g.32618222_32618234dup","3:g.32618222_32618234dup","exact",FALSE
243,"DUP","intron_interior",1,"3:g.35866296_35866301dup","3:g.35866296_35866301dup","3:g.35866296_35866301dup","exact",FALSE
244,"INV","exon_end_cross",-1,"3:g.36014278_36014305inv","3:g.36014278_36014305inv","3:g.36014278_36014305inv","exact",FALSE
245,"INV","intron_interior",-1,"3:g.41433862_41433865inv","3:g.41433862_41433865inv","3:g.41433862_41433865inv","exact",FALSE
246,"TDUP","cds_start_cross",-1,"3:g.80609886_80609907dup","3:g.80609886_80609907dup","3:g.80609886_80609907dup","exact",FALSE
247,"DEL","exon_interior",-1,"3:g.84166839_84166860del","3:g.84166839_84166860del","3:g.84166839_84166860del","exact",FALSE
248,"INV","exon_end_cross",-1,"3:g.86905654_86905663inv","3:g.86905654_86905663inv","3:g.86905654_86905663inv","exact",FALSE
249,"INV","exon_interior",-1,"3:g.88514524_88514535inv","3:g.88514524_88514535inv","3:g.88514524_88514535inv","exact",FALSE
250,"DEL","exon_end_cross",-1,"3:g.94942090_94942102del","3:g.94942090_94942102del","3:g.94942090_94942102del","exact",FALSE
251,"DUP","exon_start_cross",1,"3:g.95075608_95075619dup","3:g.95075608_95075619dup","3:g.95075608_95075619dup","exact",FALSE
252,"TDUP","exon_end_cross",-1,"3:g.95150395_95150396dup","3:g.95150395_95150396dup","3:g.95150395_95150396dup","exact",FALSE
253,"DEL","intron_interior",1,"3:g.97081772_97081775del","3:g.97081772_97081775del","3:g.97081772_97081775del","exact",FALSE
254,"DUP","exon_interior",-1,"3:g.116434962_116434971dup","3:g.116434962_116434971dup","3:g.116434962_116434971dup","exact",FALSE
255,"DUP","exon_end_cross",-1,"3:g.121730074_121730103dup","3:g.121730074_121730103dup","3:g.121730074_121730103dup","exact",FALSE
256,"DUP","intron_interior",1,"3:g.121799847_121799863dup","3:g.121799847_121799863dup","3:g.121799847_121799863dup","exact",FALSE
257,"TDUP","cds_start_cross",-1,"3:g.129602580_129602614dup","3:g.129602580_129602614dup","3:g.129602580_129602614dup","exact",FALSE
258,"TDUP","cds_start_cross",-1,"3:g.135291116_135291134dup","3:g.135291116_135291134dup","3:g.135291116_135291134dup","exact",FALSE
259,"DUP","exon_end_cross",-1,"3:g.148555440_148555462dup","3:g.148555440_148555462dup","3:g.148555440_148555462dup","exact",FALSE
260,"DEL","exon_interior",1,"4:g.31981486_31981500del","4:g.31981486_31981500del","4:g.31981486_31981500del","exact",FALSE
261,"DUP","exon_interior",1,"4:g.40197985_40198018dup","4:g.40197985_40198018dup","4:g.40197985_40198018dup","exact",FALSE
262,"DUP","exon_interior",1,"4:g.53747014_53747040dup","4:g.53747014_53747040dup","4:g.53747014_53747040dup","exact",FALSE
263,"TDUP","cds_start_cross",1,"4:g.62303766_62303799dup","4:g.62303766_62303799dup","4:g.62303766_62303799dup","exact",FALSE
264,"DEL","exon_end_cross",-1,"4:g.63298599_63298617del","4:g.63298599_63298617del","4:g.63298599_63298617del","exact",FALSE
265,"TDUP","exon_start_cross",1,"4:g.104470362_104470391dup","4:g.104470362_104470391dup","4:g.104470362_104470391dup","exact",FALSE
266,"DEL","intron_interior",-1,"4:g.116462017_116462050del","4:g.116462017_116462050del","4:g.116462018_116462051del","exact",TRUE
267,"DUP","exon_start_cross",-1,"4:g.120625920_120625959dup","4:g.120625920_120625959dup","4:g.120625921_120625960dup","exact",TRUE
268,"INV","cds_start_cross",-1,"4:g.120778739_120778754inv","4:g.120778739_120778754inv","4:g.120778739_120778754inv","exact",FALSE
269,"DUP","intron_interior",-1,"4:g.123632757_123632773dup","4:g.123632757_123632773dup","4:g.123632757_123632773dup","exact",FALSE
270,"INV","cds_start_cross",1,"4:g.124923923_124923935inv","4:g.124923923_124923935inv","4:g.124923923_124923935inv","exact",FALSE
271,"DEL","exon_end_cross",1,"4:g.131613613_131613621del","4:g.131613613_131613621del","4:g.131613614_131613622del","exact",TRUE
272,"DEL","intron_interior",1,"4:g.138015931_138015953del","4:g.138015931_138015953del","4:g.138015931_138015953del","exact",FALSE
273,"DUP","exon_start_cross",1,"4:g.140117737_140117775dup","4:g.140117737_140117775dup","4:g.140117738_140117776dup","exact",TRUE
274,"DUP","exon_end_cross",-1,"4:g.149443764_149443795dup","4:g.149443764_149443795dup","4:g.149443764_149443795dup","exact",FALSE
275,"TDUP","exon_end_cross",-1,"4:g.152220737_152220768dup","4:g.152220737_152220768dup","4:g.152220737_152220768dup","exact",FALSE
276,"TDUP","cds_start_cross",1,"4:g.152410342_152410360dup","4:g.152410342_152410360dup","4:g.152410342_152410360dup","exact",FALSE
277,"DUP","exon_start_cross",1,"4:g.155905427_155905448dup","4:g.155905427_155905448dup","4:g.155905427_155905448dup","exact",FALSE
278,"DUP","intron_interior",-1,"5:g.5632724_5632735dup","5:g.5632724_5632735dup","5:g.5632725_5632736dup","exact",TRUE
279,"TDUP","exon_end_cross",-1,"5:g.8184884_8184887dup","5:g.8184884_8184887dup","5:g.8184884_8184887dup","exact",FALSE
280,"DUP","intron_interior",-1,"5:g.27988519_27988534dup","5:g.27988519_27988534dup","5:g.27988519_27988534dup","exact",FALSE
281,"INV","intron_interior",-1,"5:g.29470821_29470848inv","5:g.29470821_29470848inv","5:g.29470821_29470848inv","exact",FALSE
282,"INV","exon_end_cross",1,"5:g.29941208_29941229inv","5:g.29941208_29941229inv","5:g.29941208_29941229inv","exact",FALSE
283,"DEL","intron_interior",1,"5:g.30383738_30383764del","5:g.30383738_30383764del","5:g.30383738_30383764del","exact",FALSE
284,"DEL","exon_start_cross",1,"5:g.33116622_33116658del","5:g.33116622_33116658del","5:g.33116624_33116660del","exact",TRUE
285,"TDUP","cds_start_cross",-1,"5:g.34311313_34311318dup","5:g.34311313_34311318dup","5:g.34311314_34311319dup","exact",TRUE
286,"TDUP","exon_start_cross",-1,"5:g.67933471_67933499dup","5:g.67933471_67933499dup","5:g.67933471_67933499dup","exact",FALSE
287,"INV","exon_start_cross",1,"5:g.103688834_103688841inv","5:g.103688834_103688841inv","5:g.103688834_103688841inv","exact",FALSE
288,"INV","exon_start_cross",-1,"5:g.105422051_105422053inv","5:g.105422051_105422053inv","5:g.105422051_105422053inv","exact",FALSE
289,"DUP","exon_end_cross",1,"5:g.105799253_105799272dup","5:g.105799253_105799272dup","5:g.105799253_105799272dup","exact",FALSE
290,"TDUP","exon_interior",-1,"5:g.114574550_114574564dup","5:g.114574550_114574564dup","5:g.114574551_114574565dup","exact",TRUE
291,"DEL","exon_start_cross",-1,"5:g.114964152_114964163del","5:g.114964152_114964163del","5:g.114964152_114964163del","exact",FALSE
292,"DUP","intron_interior",1,"5:g.115376778_115376809dup","5:g.115376778_115376809dup","5:g.115376778_115376809dup","exact",FALSE
293,"DUP","exon_interior",-1,"5:g.122025441_122025467dup","5:g.122025441_122025467dup","5:g.122025441_122025467dup","exact",FALSE
294,"INV","exon_start_cross",-1,"5:g.124552461_124552482inv","5:g.124552461_124552482inv","5:g.124552461_124552482inv","exact",FALSE
295,"INV","exon_end_cross",-1,"5:g.125493501_125493523inv","5:g.125493501_125493523inv","5:g.125493501_125493523inv","exact",FALSE
296,"INV","cds_start_cross",-1,"5:g.127681668_127681671inv","5:g.127681668_127681671inv","5:g.127681668_127681671inv","exact",FALSE
297,"INV","exon_start_cross",1,"5:g.130251180_130251185inv","5:g.130251180_130251185inv","5:g.130251180_130251185inv","exact",FALSE
298,"DEL","exon_end_cross",-1,"5:g.134274033_134274072del","5:g.134274033_134274072del","5:g.134274033_134274072del","exact",FALSE
299,"DUP","intron_interior",-1,"5:g.137909150_137909153dup","5:g.137909150_137909153dup","5:g.137909150_137909153dup","exact",FALSE
300,"DEL","exon_interior",1,"5:g.138162682_138162714del","5:g.138162682_138162714del","5:g.138162682_138162714del","exact",FALSE
301,"INV","cds_start_cross",-1,"5:g.143839621_143839644inv","5:g.143839621_143839644inv","5:g.143839621_143839644inv","exact",FALSE
302,"TDUP","exon_start_cross",-1,"5:g.145069667_145069677dup","5:g.145069667_145069677dup","5:g.145069667_145069677dup","exact",FALSE
303,"TDUP","intron_interior",1,"5:g.149351730_149351759dup","5:g.149351730_149351759dup","5:g.149351730_149351759dup","exact",FALSE
304,"INV","exon_end_cross",1,"6:g.30742604_30742608inv","6:g.30742604_30742608inv","6:g.30742604_30742608inv","exact",FALSE
305,"TDUP","exon_end_cross",-1,"6:g.30803206_30803237dup","6:g.30803206_30803237dup","6:g.30803207_30803238dup","exact",TRUE
306,"INV","exon_interior",1,"6:g.37934601_37934634inv","6:g.37934601_37934634inv","6:g.37934601_37934634inv","exact",FALSE
307,"DEL","intron_interior",1,"6:g.49379409_49379437del","6:g.49379409_49379437del","6:g.49379409_49379437del","exact",FALSE
308,"DUP","cds_start_cross",1,"6:g.55999369_55999384dup","6:g.55999369_55999384dup","6:g.55999369_55999384dup","exact",FALSE
309,"INV","intron_interior",1,"6:g.56007913_56007947inv","6:g.56007913_56007947inv","6:g.56007913_56007947inv","exact",FALSE
310,"TDUP","exon_end_cross",1,"6:g.85674445_85674477dup","6:g.85674445_85674477dup","6:g.85674445_85674477dup","exact",FALSE
311,"DEL","exon_end_cross",1,"6:g.113468697_113468710del","6:g.113468697_113468710del","6:g.113468698_113468711del","exact",TRUE
312,"DUP","intron_interior",1,"6:g.115524426_115524448dup","6:g.115524426_115524448dup","6:g.115524426_115524448dup","exact",FALSE
313,"DUP","exon_end_cross",-1,"6:g.115707460_115707495dup","6:g.115707460_115707495dup","6:g.115707460_115707495dup","exact",FALSE
314,"DUP","exon_interior",-1,"6:g.124827898_124827910dup","6:g.124827898_124827910dup","6:g.124827899_124827911dup","exact",TRUE
315,"TDUP","intron_interior",1,"6:g.125024314_125024341dup","6:g.125024314_125024341dup","6:g.125024314_125024341dup","exact",FALSE
316,"TDUP","exon_start_cross",1,"6:g.146893899_146893921dup","6:g.146893899_146893921dup","6:g.146893899_146893921dup","exact",FALSE
317,"TDUP","intron_interior",-1,"7:g.3635527_3635532dup","7:g.3635527_3635532dup","7:g.3635527_3635532dup","exact",FALSE
318,"DUP","exon_interior",1,"7:g.4136150_4136160dup","7:g.4136150_4136160dup","7:g.4136150_4136160dup","exact",FALSE
319,"DEL","cds_start_cross",-1,"7:g.4507755_4507777del","7:g.4507755_4507777del","7:g.4507755_4507777del","exact",FALSE
320,"INV","cds_start_cross",-1,"7:g.12993604_12993607inv","7:g.12993604_12993607inv","7:g.12993604_12993607inv","exact",FALSE
321,"TDUP","exon_end_cross",-1,"7:g.16093066_16093067dup","7:g.16093066_16093067dup","7:g.16093067_16093068dup","exact",TRUE
322,"TDUP","exon_start_cross",-1,"7:g.25472520_25472552dup","7:g.25472520_25472552dup","7:g.25472520_25472552dup","exact",FALSE
323,"TDUP","intron_interior",-1,"7:g.27361295_27361317dup","7:g.27361295_27361317dup","7:g.27361295_27361317dup","exact",FALSE
324,"TDUP","intron_interior",-1,"7:g.27741586_27741609dup","7:g.27741586_27741609dup","7:g.27741586_27741609dup","exact",FALSE
325,"DUP","cds_start_cross",1,"7:g.28471283_28471319dup","7:g.28471283_28471319dup","7:g.28471283_28471319dup","exact",FALSE
326,"DUP","intron_interior",-1,"7:g.30224636_30224664dup","7:g.30224636_30224664dup","7:g.30224636_30224664dup","exact",FALSE
327,"DEL","intron_interior",-1,"7:g.35227265_35227277del","7:g.35227265_35227277del","7:g.35227266_35227278del","exact",TRUE
328,"TDUP","exon_end_cross",-1,"7:g.44187179_44187206dup","7:g.44187179_44187206dup","7:g.44187179_44187206dup","exact",FALSE
329,"DEL","cds_start_cross",1,"7:g.45367561_45367589del","7:g.45367561_45367589del","7:g.45367561_45367589del","exact",FALSE
330,"TDUP","exon_start_cross",1,"7:g.45573644_45573658dup","7:g.45573644_45573658dup","7:g.45573644_45573658dup","exact",FALSE
331,"TDUP","cds_start_cross",-1,"7:g.46410814dup","7:g.46410814dup","7:g.46410814dup","exact",FALSE
332,"INV","exon_end_cross",1,"7:g.74280418_74280422inv","7:g.74280418_74280422inv","7:g.74280418_74280422inv","exact",FALSE
333,"TDUP","exon_end_cross",1,"7:g.80945985_80946021dup","7:g.80945985_80946021dup","7:g.80945985_80946021dup","exact",FALSE
334,"INV","exon_interior",-1,"7:g.84302104_84302124inv","7:g.84302104_84302124inv","7:g.84302104_84302124inv","exact",FALSE
335,"DEL","exon_end_cross",1,"7:g.99097425_99097431del","7:g.99097425_99097431del","7:g.99097425_99097431del","exact",FALSE
336,"TDUP","cds_start_cross",1,"7:g.101071133_101071161dup","7:g.101071133_101071161dup","7:g.101071135_101071163dup","exact",TRUE
337,"INV","cds_start_cross",1,"7:g.103874766_103874770inv","7:g.103874766_103874770inv","7:g.103874766_103874770inv","exact",FALSE
338,"DEL","exon_end_cross",1,"7:g.103966933_103966938del","7:g.103966933_103966938del","7:g.103966935_103966940del","exact",TRUE
339,"DEL","intron_interior",-1,"7:g.112923571_112923576del","7:g.112923571_112923576del","7:g.112923571_112923576del","exact",FALSE
340,"INV","exon_end_cross",1,"7:g.120541787_120541805inv","7:g.120541787_120541805inv","7:g.120541787_120541805inv","exact",FALSE
341,"TDUP","exon_end_cross",1,"7:g.126906119_126906124dup","7:g.126906119_126906124dup","7:g.126906119_126906124dup","exact",FALSE
342,"TDUP","cds_start_cross",-1,"7:g.140434369_140434379dup","7:g.140434369_140434379dup","7:g.140434371_140434381dup","exact",TRUE
343,"TDUP","intron_interior",1,"7:g.142054018_142054031dup","7:g.142054018_142054031dup","7:g.142054021_142054034dup","exact",TRUE
344,"TDUP","exon_interior",-1,"7:g.143140199_143140220dup","7:g.143140199_143140220dup","7:g.143140199_143140220dup","exact",FALSE
345,"INV","exon_start_cross",1,"8:g.11463979_11463993inv","8:g.11463979_11463993inv","8:g.11463979_11463993inv","exact",FALSE
346,"DUP","cds_start_cross",-1,"8:g.21815984_21816002dup","8:g.21815984_21816002dup","8:g.21815985_21816003dup","exact",TRUE
347,"TDUP","exon_interior",1,"8:g.24705751_24705788dup","8:g.24705751_24705788dup","8:g.24705752_24705789dup","exact",TRUE
348,"INV","cds_start_cross",-1,"8:g.26068758_26068779inv","8:g.26068758_26068779inv","8:g.26068758_26068779inv","exact",FALSE
349,"DEL","exon_interior",-1,"8:g.35408003_35408018del","8:g.35408003_35408018del","8:g.35408003_35408018del","exact",FALSE
350,"DEL","cds_start_cross",1,"8:g.39473214_39473220del","8:g.39473214_39473220del","8:g.39473215_39473221del","exact",TRUE
351,"TDUP","cds_start_cross",-1,"8:g.46421937_46421957dup","8:g.46421937_46421957dup","8:g.46421940_46421960dup","exact",TRUE
352,"DUP","exon_start_cross",1,"8:g.60668098_60668112dup","8:g.60668098_60668112dup","8:g.60668099_60668113dup","exact",TRUE
353,"TDUP","exon_start_cross",-1,"8:g.70892081_70892109dup","8:g.70892081_70892109dup","8:g.70892081_70892109dup","exact",FALSE
354,"TDUP","exon_end_cross",1,"8:g.72136104_72136142dup","8:g.72136104_72136142dup","8:g.72136104_72136142dup","exact",FALSE
355,"DUP","exon_end_cross",1,"8:g.73466532_73466545dup","8:g.73466532_73466545dup","8:g.73466533_73466546dup","exact",TRUE
356,"TDUP","exon_start_cross",-1,"8:g.84859464_84859475dup","8:g.84859464_84859475dup","8:g.84859464_84859475dup","exact",FALSE
357,"DEL","exon_interior",-1,"8:g.85454539_85454562del","8:g.85454539_85454562del","8:g.85454539_85454562del","exact",FALSE
358,"INV","exon_end_cross",1,"8:g.85729242_85729264inv","8:g.85729242_85729264inv","8:g.85729242_85729264inv","exact",FALSE
359,"TDUP","exon_end_cross",1,"8:g.88248442_88248459dup","8:g.88248442_88248459dup","8:g.88248442_88248459dup","exact",FALSE
360,"DUP","exon_end_cross",-1,"8:g.93053085_93053122dup","8:g.93053085_93053122dup","8:g.93053085_93053122dup","exact",FALSE
361,"DUP","cds_start_cross",-1,"8:g.93983058_93983093dup","8:g.93983058_93983093dup","8:g.93983058_93983093dup","exact",FALSE
362,"TDUP","exon_start_cross",-1,"8:g.95829288_95829290dup","8:g.95829288_95829290dup","8:g.95829289_95829291dup","exact",TRUE
363,"TDUP","exon_start_cross",-1,"8:g.105144314_105144318dup","8:g.105144314_105144318dup","8:g.105144314_105144318dup","exact",FALSE
364,"TDUP","intron_interior",1,"8:g.105999271_105999295dup","8:g.105999271_105999295dup","8:g.105999272_105999296dup","exact",TRUE
365,"DEL","intron_interior",-1,"8:g.106682165_106682182del","8:g.106682165_106682182del","8:g.106682165_106682182del","exact",FALSE
366,"DUP","exon_end_cross",-1,"8:g.110586664_110586701dup","8:g.110586664_110586701dup","8:g.110586664_110586701dup","exact",FALSE
367,"DEL","exon_start_cross",1,"8:g.111372386_111372416del","8:g.111372386_111372416del","8:g.111372386_111372416del","exact",FALSE
368,"DEL","exon_interior",-1,"8:g.120268871_120268882del","8:g.120268871_120268882del","8:g.120268871_120268882del","exact",FALSE
369,"DUP","intron_interior",1,"8:g.124176475_124176499dup","8:g.124176475_124176499dup","8:g.124176475_124176499dup","exact",FALSE
370,"INV","exon_end_cross",-1,"8:g.125239044_125239057inv","8:g.125239044_125239057inv","8:g.125239044_125239057inv","exact",FALSE
371,"TDUP","exon_interior",1,"8:g.125613458_125613460dup","8:g.125613458_125613460dup","8:g.125613458_125613460dup","exact",FALSE
372,"INV","exon_end_cross",1,"9:g.40715238_40715275inv","9:g.40715238_40715275inv","9:g.40715238_40715275inv","exact",FALSE
373,"INV","exon_start_cross",1,"9:g.41085235_41085241inv","9:g.41085235_41085241inv","9:g.41085235_41085241inv","exact",FALSE
374,"DUP","cds_start_cross",-1,"9:g.42354344_42354358dup","9:g.42354344_42354358dup","9:g.42354344_42354358dup","exact",FALSE
375,"DUP","cds_start_cross",-1,"9:g.45095614_45095647dup","9:g.45095614_45095647dup","9:g.45095614_45095647dup","exact",FALSE
376,"DUP","exon_interior",1,"9:g.45287697_45287718dup","9:g.45287697_45287718dup","9:g.45287697_45287718dup","exact",FALSE
377,"INV","intron_interior",1,"9:g.48945642_48945672inv","9:g.48945642_48945672inv","9:g.48945642_48945672inv","exact",FALSE
378,"INV","exon_end_cross",-1,"9:g.57063840_57063853inv","9:g.57063840_57063853inv","9:g.57063840_57063853inv","exact",FALSE
379,"INV","intron_interior",1,"9:g.59556224_59556257inv","9:g.59556224_59556257inv","9:g.59556224_59556257inv","exact",FALSE
380,"DUP","exon_interior",1,"9:g.61300489_61300523dup","9:g.61300489_61300523dup","9:g.61300490_61300524dup","exact",TRUE
381,"DEL","cds_start_cross",1,"9:g.70114983_70115019del","9:g.70114983_70115019del","9:g.70114983_70115019del","exact",FALSE
382,"DUP","exon_end_cross",1,"9:g.81772419_81772431dup","9:g.81772419_81772431dup","9:g.81772419_81772431dup","exact",FALSE
383,"DUP","intron_interior",-1,"9:g.99407566_99407575dup","9:g.99407566_99407575dup","9:g.99407566_99407575dup","exact",FALSE
384,"INV","exon_start_cross",1,"9:g.102780509_102780534inv","9:g.102780509_102780534inv","9:g.102780509_102780534inv","exact",FALSE
385,"TDUP","exon_end_cross",1,"9:g.107824359_107824368dup","9:g.107824359_107824368dup","9:g.107824360_107824369dup","exact",TRUE
386,"DUP","exon_interior",-1,"9:g.107928893_107928907dup","9:g.107928893_107928907dup","9:g.107928893_107928907dup","exact",FALSE
387,"INV","intron_interior",1,"9:g.108421677_108421700inv","9:g.108421677_108421700inv","9:g.108421677_108421700inv","exact",FALSE
388,"DEL","exon_start_cross",1,"9:g.108561029_108561061del","9:g.108561029_108561061del","9:g.108561031_108561063del","exact",TRUE
389,"DUP","cds_start_cross",1,"9:g.108765787_108765824dup","9:g.108765787_108765824dup","9:g.108765787_108765824dup","exact",FALSE
390,"TDUP","exon_end_cross",1,"9:g.109855292_109855313dup","9:g.109855292_109855313dup","9:g.109855292_109855313dup","exact",FALSE
391,"DEL","exon_start_cross",1,"9:g.119723950_119723958del","9:g.119723950_119723958del","9:g.119723951_119723959del","exact",TRUE
392,"INV","exon_interior",-1,"X:g.20825985_20825987inv","X:g.20825985_20825987inv","X:g.20825985_20825987inv","exact",FALSE
393,"DUP","cds_start_cross",1,"X:g.70408521_70408535dup","X:g.70408521_70408535dup","X:g.70408521_70408535dup","exact",FALSE
394,"DUP","exon_end_cross",1,"X:g.72056231_72056236dup","X:g.72056231_72056236dup","X:g.72056232_72056237dup","exact",TRUE
395,"TDUP","intron_interior",-1,"X:g.101684662_101684692dup","X:g.101684662_101684692dup","X:g.101684662_101684692dup","exact",FALSE
396,"INV","intron_interior",-1,"X:g.104111968_104111991inv","X:g.104111968_104111991inv","X:g.104111968_104111991inv","exact",FALSE
397,"INV","cds_start_cross",1,"X:g.132960114_132960118inv","X:g.132960114_132960118inv","X:g.132960114_132960118inv","exact",FALSE
398,"TDUP","exon_interior",-1,"X:g.149594094_149594122dup","X:g.149594094_149594122dup","X:g.149594094_149594122dup","exact",FALSE
399,"TDUP","exon_start_cross",1,"Y:g.37773406_37773435dup","Y:g.37773406_37773435dup","Y:g.37773406_37773435dup","exact",FALSE
