"sv_type","state","exact","oracle_only","duckvep_only","terms_differ","pairs","events"
"BND","after_exon_end/N[M[",1404,0,0,0,1404,23
"BND","after_exon_end/N]M]",1459,0,0,0,1459,17
"BND","after_exon_end/[M[N",1042,0,0,0,1042,12
"BND","after_exon_end/]M]N",1855,0,0,0,1855,23
"BND","before_exon_start/N[M[",2441,0,0,0,2441,23
"BND","before_exon_start/N]M]",1539,0,0,0,1539,22
"BND","before_exon_start/[M[N",2353,0,0,0,2353,25
"BND","before_exon_start/]M]N",1320,0,0,0,1320,18
"BND","cds_end/N[M[",335,0,0,0,335,6
"BND","cds_end/N]M]",660,0,0,0,660,7
"BND","cds_end/[M[N",544,0,0,0,544,7
"BND","cds_end/]M]N",752,0,0,0,752,8
"BND","cds_start/N[M[",531,0,0,0,531,7
"BND","cds_start/N]M]",705,0,0,0,705,8
"BND","cds_start/[M[N",522,0,0,0,522,7
"BND","cds_start/]M]N",538,0,0,0,538,7
"BND","downstream_flank/N[M[",534,0,0,0,534,8
"BND","downstream_flank/N]M]",446,0,0,0,446,8
"BND","downstream_flank/[M[N",592,0,0,0,592,8
"BND","downstream_flank/]M]N",455,0,0,0,455,6
"BND","exon_end/N[M[",1152,0,0,0,1152,18
"BND","exon_end/N]M]",1645,0,0,0,1645,16
"BND","exon_end/[M[N",969,0,0,0,969,12
"BND","exon_end/]M]N",1733,0,0,0,1733,23
"BND","exon_mid/N[M[",1065,0,0,0,1065,16
"BND","exon_mid/N]M]",714,0,0,0,714,13
"BND","exon_mid/[M[N",1764,0,0,0,1764,18
"BND","exon_mid/]M]N",1021,0,0,0,1021,14
"BND","exon_start/N[M[",797,0,0,0,797,14
"BND","exon_start/N]M]",1754,0,0,0,1754,23
"BND","exon_start/[M[N",2047,0,28,0,2075,23
"BND","exon_start/]M]N",861,0,0,0,861,16
"BND","transcript_end/N[M[",474,0,0,0,474,6
"BND","transcript_end/N]M]",450,0,0,0,450,7
"BND","transcript_end/[M[N",608,0,0,0,608,7
"BND","transcript_end/]M]N",558,0,0,0,558,6
"BND","transcript_mid/N[M[",586,0,0,0,586,8
"BND","transcript_mid/N]M]",593,0,0,0,593,8
"BND","transcript_mid/[M[N",668,0,0,0,668,10
"BND","transcript_mid/]M]N",840,0,0,0,840,7
"BND","transcript_start/N[M[",1364,0,0,0,1364,9
"BND","transcript_start/N]M]",523,0,0,0,523,7
"BND","transcript_start/[M[N",505,0,0,0,505,8
"BND","transcript_start/]M]N",296,0,0,0,296,7
"BND","upstream_flank/N[M[",496,0,0,0,496,6
"BND","upstream_flank/N]M]",862,0,0,0,862,8
"BND","upstream_flank/[M[N",728,0,0,0,728,7
"BND","upstream_flank/]M]N",950,0,0,0,950,9
"DEL","cds_end_cross",1007,0,0,0,1007,20
"DEL","cds_start_cross",711,0,0,0,711,20
"DEL","exon_end_cross",1146,0,0,0,1146,20
"DEL","exon_exact",837,0,0,0,837,20
"DEL","exon_interior",763,0,0,0,763,20
"DEL","exon_start_cross",848,0,0,0,848,20
"DEL","flank_left",653,0,0,0,653,20
"DEL","flank_right",758,0,0,0,758,20
"DEL","intron_interior",705,0,0,0,705,20
"DEL","multi_exon",1072,0,0,0,1072,20
"DEL","transcript_exact",709,0,0,0,709,19
"DEL","transcript_left_cross",668,0,0,0,668,20
"DEL","transcript_right_cross",903,0,0,0,903,20
"DUP","cds_end_cross",764,0,0,0,764,20
"DUP","cds_start_cross",768,0,0,0,768,20
"DUP","exon_end_cross",584,0,0,0,584,20
"DUP","exon_exact",542,0,0,0,542,20
"DUP","exon_interior",611,0,0,0,611,20
"DUP","exon_start_cross",896,0,0,0,896,20
"DUP","flank_left",599,0,0,0,599,20
"DUP","flank_right",897,0,0,0,897,20
"DUP","intron_interior",617,0,0,0,617,20
"DUP","multi_exon",878,0,0,0,878,20
"DUP","transcript_exact",1145,0,0,0,1145,20
"DUP","transcript_left_cross",1309,0,0,0,1309,20
"DUP","transcript_right_cross",713,0,0,0,713,20
"INS","ins_before_exon",715,0,0,0,715,20
"INS","ins_cds_end",744,0,0,0,744,20
"INS","ins_cds_start",760,0,0,0,760,20
"INS","ins_exon_end",732,0,0,0,732,20
"INS","ins_exon_interior",929,0,0,0,929,20
"INS","ins_intron",864,0,0,0,864,20
"INV","cds_end_cross",589,0,0,0,589,20
"INV","cds_start_cross",1083,0,0,0,1083,20
"INV","exon_end_cross",763,0,0,0,763,20
"INV","exon_exact",636,0,0,0,636,20
"INV","exon_interior",981,0,0,0,981,20
"INV","exon_start_cross",723,0,0,0,723,20
"INV","flank_left",601,0,0,0,601,20
"INV","flank_right",880,0,0,0,880,20
"INV","intron_interior",765,0,0,0,765,20
"INV","multi_exon",1042,0,0,0,1042,20
"INV","transcript_exact",623,0,0,0,623,20
"INV","transcript_left_cross",725,0,0,0,725,20
"INV","transcript_right_cross",690,0,0,0,690,20
"TDUP","cds_end_cross",748,0,0,0,748,20
"TDUP","cds_start_cross",544,0,0,0,544,20
"TDUP","exon_end_cross",1147,0,0,0,1147,20
"TDUP","exon_exact",654,0,0,0,654,20
"TDUP","exon_interior",985,0,0,0,985,20
"TDUP","exon_start_cross",950,0,0,0,950,20
"TDUP","flank_left",655,0,0,0,655,20
"TDUP","flank_right",554,0,0,0,554,20
"TDUP","intron_interior",981,0,0,0,981,20
"TDUP","multi_exon",750,0,0,0,750,20
"TDUP","transcript_exact",801,0,0,0,801,20
"TDUP","transcript_left_cross",844,0,0,0,844,20
"TDUP","transcript_right_cross",987,0,0,0,987,20
