"contract"	"partition"	"rows"	"hash_sum"	"hash_xor"	"sha256"
"compact"	-1	"1174245"	"10832993039152099474950971"	"15844975574530270781"	-
"compact"	0	"74716"	-	-	"5a5786ddf92cd60d9d53235acc62af26de89b8252e46b49841c2dc0695578687"
"compact"	1	"74878"	-	-	"ccda3ac37fb67e389f7b3c44478c120aaecde83244c9ba782933315f5bae63dd"
"compact"	2	"73307"	-	-	"05c2b799ff14a41e01aba48d477247559c33c408eb1131cf48c389d6c0d56de0"
"compact"	3	"74074"	-	-	"497e2ec40296fca57fe0c918b457b4c79fbde0f6a00a565bcc865005d839fcf9"
"compact"	4	"74423"	-	-	"000495cac2b13baa4b7ac51ffa4dd1bdded317bccc649e66a2de8fdc7494d263"
"compact"	5	"73777"	-	-	"12eb16ba5d1fda6ed6d6430111170870ee7a57f323cf03cee2021c5b93e702f6"
"compact"	6	"73149"	-	-	"3f160e796867125f4d1c6a838bc01a4a621828ccf888bfa4cff7b8b967004c6a"
"compact"	7	"74391"	-	-	"45e9e02b0b16743bb549c3a08ecab1951e469d39466705aa735f5ab84c2caab9"
"compact"	8	"73667"	-	-	"bf7a4827628a19b6089f157df51859585273c1d18b52d8f5a6f465c2b51f0c46"
"compact"	9	"71927"	-	-	"d75c7a36b4eaf25484034ca6ef967b5c7022edc415740f51742d7471cea90e8d"
"compact"	10	"72051"	-	-	"59828d2d0ed0dc8dfc144d0ac30e82db637488f9d47479ceb2064e001a48b4b0"
"compact"	11	"72055"	-	-	"2aff2dba710383ff57f3378eae0b63eafd4d6b07c3cb5c526c255a5db87de56e"
"compact"	12	"72758"	-	-	"ebede9f738bb97ced89155a7ad92aea6a4c7e7f36aa898f36830bf2542728d0f"
"compact"	13	"72107"	-	-	"62d3e77c3401e58ffc220d85e74cd7cc4ba12647f2fb509bce7a5ae863b4c254"
"compact"	14	"72761"	-	-	"9573841aae1c9928c5b2f2d56746d2390aecbbf47a351eca20d8f246e90f59ab"
"compact"	15	"74204"	-	-	"42380b0648a34e013d54f17e00c9df0f86e55adccda727fcdc155cede8e57cb6"
"complete17"	-1	"1174245"	"10819789426056661253776581"	"17344463105822872741"	-
"complete17"	0	"74716"	-	-	"921a88009b16beb45411220dda56a9b257775aebf5f6826019c37afa0831c691"
"complete17"	1	"74878"	-	-	"6ac7aff99d271bcf50e5e055b7f817c3b47f55d2acc15684cb069f6ecb7ed30c"
"complete17"	2	"73307"	-	-	"6de93624cb4644605734f8e212e19e3448644f8b1609d28c3392dff7ac5165b1"
"complete17"	3	"74074"	-	-	"1e5b9577fcc1ad305c381444a1ff91ea446e859c23ed537c8636ba2470dfb505"
"complete17"	4	"74423"	-	-	"ecb65d1f204bdab3b4974a06544e4a364b9006b53f6e46b7a72bc1a2445ef559"
"complete17"	5	"73777"	-	-	"c3063e5dbcab7b24ac47d64b579a86a750dba85f556de2714abcdde197b4bfcf"
"complete17"	6	"73149"	-	-	"a3a77005560b73bfeee4635a35cfe79156aa6db8d26a09473af46c7dd9a6ef5a"
"complete17"	7	"74391"	-	-	"efbe3cb2c3d79c400e33998b5277f280a4e25a4ecb2af6b0558bfc5637580228"
"complete17"	8	"73667"	-	-	"c60f0e43fe0facafbd2590c91dd96db7e811b59c2a6b1a55bc04374b2bf08fc8"
"complete17"	9	"71927"	-	-	"3c32b0c295c3de56dba99e6dc9b45872ff5db9c240b6330307144a1ead67ae62"
"complete17"	10	"72051"	-	-	"7e5c0d3066a15b32d4b5aad6366bbdeace0e5b622ca4c4644f34bdd8af9114d5"
"complete17"	11	"72055"	-	-	"3bc36868b21d76e65ecedc53a39a26004228b3f9a8f471e3d3f427d93c57a46e"
"complete17"	12	"72758"	-	-	"bf832519be2d524e8688ffe91b321d7fe369ed563d73e69661e78870224486c7"
"complete17"	13	"72107"	-	-	"94a0e0c524d148625f7d88ab2ba5d8ab8ffe8589f21964756acb26f676c81fb8"
"complete17"	14	"72761"	-	-	"c51c176015a7d3b618e4e90b7d32ed8b7f474fa49b6fe177c3235a98f57d114e"
"complete17"	15	"74204"	-	-	"36a1428ef639e633825e14a6ae7fa76ffd666a2a144dd0d50b372bd77cfd7cad"
"compact_regulation"	-1	"1179329"	"10880092382495942577023592"	"18112887387098378674"	-
"compact_regulation"	0	"75089"	-	-	"706ca05b58226887e44fa0ffef0c20fd32506961ea0431cd77ff6732626e0b3e"
"compact_regulation"	1	"75223"	-	-	"6197ebc6c429f63073eded81b1823b71fc0a29a6b8da270e08e7bb5acfcf4b12"
"compact_regulation"	2	"73603"	-	-	"e8f988d9894ea29ce2d5dbe0ec3074333ba7cda12dfe26be45de8af7a8898524"
"compact_regulation"	3	"74386"	-	-	"2939277713dbb12a28cee3c0c46dcf3dbc12ce8d120238c74c76bc3a06785623"
"compact_regulation"	4	"74728"	-	-	"bac3725d1fd263879ea6a136014bc4899ceb41769079ee1ee4199e0aa8fc986a"
"compact_regulation"	5	"74067"	-	-	"4575a5baa6d82b4da37c3081ba34456afd0a5f131b6cd4be66fd285f05bb17df"
"compact_regulation"	6	"73470"	-	-	"7701512107915e8b426c4da48030df8f6fc77494248ce943fa2d6143e56b7ca7"
"compact_regulation"	7	"74681"	-	-	"7ea69346e1d00ab24cf826d577b8f18848a22901add6727ad2ee903d053bac14"
"compact_regulation"	8	"73972"	-	-	"d81721d7ead9e2cf44021949504cec0baf469a64aba537c6e151904aa219d769"
"compact_regulation"	9	"72248"	-	-	"dc45f37b33ddfd68a4ceb21eb9bd951f917e45a3c7e3dea98ebd90f7bc0b5c1d"
"compact_regulation"	10	"72393"	-	-	"7ce649cc9b72c3b28f9296cbfa89e18ca6d1008b9a63d869742a90c41ac1a56d"
"compact_regulation"	11	"72365"	-	-	"a65896d36a6c8e38bb22baf96676eb3af67a4b381b17ff002bcef16f0a804fb9"
"compact_regulation"	12	"73044"	-	-	"3808a82c31e62a7819062802ec3b8b6a507a6b8e27e45cf04a96929f851a44a8"
"compact_regulation"	13	"72418"	-	-	"bc0772f85761ca12e1912a869c54c539fadc16b9c515f0d51cbeaa769c8df887"
"compact_regulation"	14	"73076"	-	-	"e06b7655addac49246d2fb911d18ed29a9652ef9b92449c3d785b8aaa5f65dc1"
"compact_regulation"	15	"74566"	-	-	"86c468d4d5bd9f88e64947d7fb31f6726c4a34c8829dc8715d5c63a45cfbb080"
"retained_failures"	-1	"41942"	"386429949686622001260757"	"11344284593843385275"	-
"retained_failures"	0	"2621"	-	-	"a9bf3371a7182ac11cd495c6a67bcb3fc1f302117ea1f8e5b2fe2f0883cebb6a"
"retained_failures"	1	"2622"	-	-	"2da5cfe2c0d7de31b64d067caaca5ca3d3b1c514e554e67a0f5278d06afa6cb2"
"retained_failures"	2	"2622"	-	-	"70220b90f2bef8b8492801c471b0b0cfba4c60b867ab676c712f062176eccd23"
"retained_failures"	3	"2622"	-	-	"9d17d3a2c822c39be17b0f69047a13ce8dec37c18b571ce1acdc7ab39bcfb9a4"
"retained_failures"	4	"2622"	-	-	"88cd6844c35cd311f57de69110bd17d8db3fbf686579040c20b7a2075612e4ee"
"retained_failures"	5	"2622"	-	-	"5ab86c871915c27ecf5b83652bac7340d103f02d4b29de9970daf074f9fa79fa"
"retained_failures"	6	"2622"	-	-	"cb4b3898e8e8438f9c9bc1cbd6e840bb43dc0841488856c0f4a370004bae944f"
"retained_failures"	7	"2621"	-	-	"eb80ed4bf3de8f2e2135e0d6865d97a6ed17a618b1c4b2416f1f03fe11a9ea5f"
"retained_failures"	8	"2621"	-	-	"f047bcafd8cf41641aa58ff371ade1c12f7a1b74200a5d67d5fdeef68745b9f0"
"retained_failures"	9	"2621"	-	-	"89a525363c2deaf5dcd0c8eaccac3553ace7a06ec7a02c9969988b05ac3823bc"
"retained_failures"	10	"2621"	-	-	"0d5fdef8eeba0ad21c65c75fc6babd53aa5d0db13c36b1b3b30c85a7644284ba"
"retained_failures"	11	"2621"	-	-	"29c3032814deb0ae1da39f3b6d7fb600dd48fdc4ef79b84cf99bb56533e5adb5"
"retained_failures"	12	"2621"	-	-	"e800b00defcd1c43cc89e460e55581007cdf5a8cdbf3438be6fbcc738eaee049"
"retained_failures"	13	"2621"	-	-	"83b850d04272baf45e8c5b12ecbc9cf32ec25235bcef6cab8dda8a69fbdb7832"
"retained_failures"	14	"2621"	-	-	"5b592953c14c1b54e5f2e9f1ae468c0f4fb05d2ae55eb2af441bbf49528f513c"
"retained_failures"	15	"2621"	-	-	"b8b2aa64076f746697d07322fa91b51cc5d2425149226e0e0e4f1624f31b12e7"
