"side","term","verdict","n"
"duckvep","3_prime_UTR_variant","exact",11947
"duckvep","5_prime_UTR_variant","exact",3306
"duckvep","NMD_transcript_variant","exact",76946
"duckvep","coding_sequence_variant","exact",76
"duckvep","downstream_gene_variant","exact",49702
"duckvep","frameshift_variant","exact",6017
"duckvep","intron_variant","exact",246912
"duckvep","missense_variant","exact",5070
"duckvep","non_coding_transcript_exon_variant","exact",28364
"duckvep","non_coding_transcript_variant","exact",74616
"duckvep","splice_acceptor_variant","exact",180
"duckvep","splice_donor_5th_base_variant","exact",125
"duckvep","splice_donor_region_variant","exact",246
"duckvep","splice_donor_variant","exact",249
"duckvep","splice_polypyrimidine_tract_variant","exact",3205
"duckvep","splice_region_variant","exact",3177
"duckvep","stop_gained","exact",414
"duckvep","stop_lost","exact",19
"duckvep","stop_retained_variant","exact",1
"duckvep","synonymous_variant","exact",561
"duckvep","upstream_gene_variant","exact",47611
"oracle","3_prime_UTR_variant","exact",11947
"oracle","5_prime_UTR_variant","exact",3306
"oracle","NMD_transcript_variant","exact",76946
"oracle","coding_sequence_variant","exact",76
"oracle","downstream_gene_variant","exact",49702
"oracle","frameshift_variant","exact",6017
"oracle","intron_variant","exact",246912
"oracle","missense_variant","exact",5070
"oracle","non_coding_transcript_exon_variant","exact",28364
"oracle","non_coding_transcript_variant","exact",74616
"oracle","splice_acceptor_variant","exact",180
"oracle","splice_donor_5th_base_variant","exact",125
"oracle","splice_donor_region_variant","exact",246
"oracle","splice_donor_variant","exact",249
"oracle","splice_polypyrimidine_tract_variant","exact",3205
"oracle","splice_region_variant","exact",3177
"oracle","stop_gained","exact",414
"oracle","stop_lost","exact",19
"oracle","stop_retained_variant","exact",1
"oracle","synonymous_variant","exact",561
"oracle","upstream_gene_variant","exact",47611
