key	value
run_id	scale-20260929T203851Z-218970
started_utc	2026-09-29T20:38:51Z
host	Ubuntu-2404-noble-amd64-base
kernel	6.8.0-78-generic
cores	12
mem_total_bytes	67194490880
jobs	2
panel	1M
panel_file	/root/duckvep/data/gnomad-v4.1/panels/genomes-v1-b6506d06b2d19cb3/panel-1000000.parquet
panel_bytes	10078414
panel_sha256	51af4833b5cee778e2f8bcf68ea8fc714d2f813b541829a436bf9fb4c2bd82f4
model	/root/duckvep/data/models/homo_sapiens_116_GRCh38_final.duckdb
model_sha256	0301905915b038b6b1f5db04d7dda1041ac5e30a7732ec700dd82b1616402c1b
extension	/root/duckvep/wt-scale6/build/release/extension/duckvep/duckvep.duckdb_extension
extension_sha256	ab23ed5c0f6066991db7f97c6e8fbf18fd454c6d4d5d9dc3e11ebfd843d2b5ff
git_revision	290d13a28781e065a2fe24c1e1a2a27672e5a020
git_dirty	5
cgroup_mode	systemd
enforced	yes
oversubscribed	0
min_free_gib	50
threads_per_job	6
modes	compact,complete17
limit_rows	all
memory_max_bytes	17179869184
memory_swap_max	0
duckdb_memory_limit	8GB
max_temp_bytes	4294967296
native_budget_mib	4096
workers	6
scratch_mib	128
emit_mib	64
loadavg_at_start	6.05 7.14 6.75
wall_s	13.750
finished_utc	2026-09-29T20:39:06Z
